episode,score
0,-0.004999999888241291
1,-0.004999999888241291
2,-0.004999999888241291
3,-0.004999999888241291
4,0.04500000085681677
5,-0.004999999888241291
6,-0.004999999888241291
7,-0.004999999888241291
8,-0.004999999888241291
9,-0.004999999888241291
10,0.04500000085681677
11,-0.004999999888241291
12,-0.004999999888241291
13,-0.004999999888241291
14,-0.004999999888241291
15,-0.004999999888241291
16,-0.004999999888241291
17,-0.004999999888241291
18,-0.004999999888241291
19,-0.004999999888241291
20,-0.004999999888241291
21,-0.004999999888241291
22,-0.004999999888241291
23,-0.004999999888241291
24,0.04500000085681677
25,-0.004999999888241291
26,-0.004999999888241291
27,-0.004999999888241291
28,-0.004999999888241291
29,0.04500000085681677
30,-0.004999999888241291
31,-0.004999999888241291
32,-0.004999999888241291
33,0.04500000085681677
34,-0.004999999888241291
35,-0.004999999888241291
36,-0.004999999888241291
37,0.04500000085681677
38,-0.004999999888241291
39,0.04500000085681677
40,-0.004999999888241291
41,-0.004999999888241291
42,-0.004999999888241291
43,0.04500000085681677
44,-0.004999999888241291
45,-0.004999999888241291
46,-0.004999999888241291
47,-0.004999999888241291
48,-0.004999999888241291
49,0.09500000160187483
50,-0.004999999888241291
51,-0.004999999888241291
52,-0.004999999888241291
53,0.04500000085681677
54,-0.004999999888241291
55,-0.004999999888241291
56,-0.004999999888241291
57,-0.004999999888241291
58,-0.004999999888241291
59,-0.004999999888241291
60,-0.004999999888241291
61,0.04500000085681677
62,-0.004999999888241291
63,-0.004999999888241291
64,-0.004999999888241291
65,-0.004999999888241291
66,-0.004999999888241291
67,-0.004999999888241291
68,-0.004999999888241291
69,-0.004999999888241291
70,-0.004999999888241291
71,-0.004999999888241291
72,0.04500000085681677
73,-0.004999999888241291
74,0.04500000085681677
75,-0.004999999888241291
76,0.04500000085681677
77,0.04500000085681677
78,-0.004999999888241291
79,-0.004999999888241291
80,0.04500000085681677
81,0.04500000085681677
82,-0.004999999888241291
83,0.09500000160187483
84,-0.004999999888241291
85,-0.004999999888241291
86,-0.004999999888241291
87,0.09500000160187483
88,-0.004999999888241291
89,0.04500000085681677
90,0.04500000085681677
91,-0.004999999888241291
92,-0.004999999888241291
93,0.04500000085681677
94,-0.004999999888241291
95,0.04500000085681677
96,-0.004999999888241291
97,-0.004999999888241291
98,-0.004999999888241291
99,-0.004999999888241291
100,-0.004999999888241291
101,0.04500000085681677
102,-0.004999999888241291
103,-0.004999999888241291
104,-0.004999999888241291
105,-0.004999999888241291
106,0.04500000085681677
107,-0.004999999888241291
108,-0.004999999888241291
109,-0.004999999888241291
110,0.04500000085681677
111,-0.004999999888241291
112,-0.004999999888241291
113,0.04500000085681677
114,-0.004999999888241291
115,-0.004999999888241291
116,-0.004999999888241291
117,-0.004999999888241291
118,0.09500000160187483
119,-0.004999999888241291
120,-0.004999999888241291
121,-0.004999999888241291
122,0.04500000085681677
123,-0.004999999888241291
124,-0.004999999888241291
125,-0.004999999888241291
126,-0.004999999888241291
127,-0.004999999888241291
128,0.04500000085681677
129,-0.004999999888241291
130,-0.004999999888241291
131,-0.004999999888241291
132,-0.004999999888241291
133,-0.004999999888241291
134,-0.004999999888241291
135,-0.004999999888241291
136,-0.004999999888241291
137,-0.004999999888241291
138,0.04500000085681677
139,-0.004999999888241291
140,0.04500000085681677
141,0.04500000085681677
142,-0.004999999888241291
143,0.04500000085681677
144,-0.004999999888241291
145,0.04500000085681677
146,-0.004999999888241291
147,-0.004999999888241291
148,0.04500000085681677
149,-0.004999999888241291
150,0.04500000085681677
151,-0.004999999888241291
152,-0.004999999888241291
153,0.04500000085681677
154,0.04500000085681677
155,-0.004999999888241291
156,-0.004999999888241291
157,-0.004999999888241291
158,0.04500000085681677
159,-0.004999999888241291
160,-0.004999999888241291
161,0.04500000085681677
162,0.04500000085681677
163,-0.004999999888241291
164,0.09500000160187483
165,0.04500000085681677
166,-0.004999999888241291
167,-0.004999999888241291
168,-0.004999999888241291
169,-0.004999999888241291
170,-0.004999999888241291
171,0.04500000085681677
172,-0.004999999888241291
173,-0.004999999888241291
174,-0.004999999888241291
175,-0.004999999888241291
176,-0.004999999888241291
177,0.04500000085681677
178,-0.004999999888241291
179,0.04500000085681677
180,-0.004999999888241291
181,-0.004999999888241291
182,0.04500000085681677
183,-0.004999999888241291
184,-0.004999999888241291
185,-0.004999999888241291
186,-0.004999999888241291
187,0.04500000085681677
188,-0.004999999888241291
189,0.04500000085681677
190,0.04500000085681677
191,0.04500000085681677
192,-0.004999999888241291
193,0.04500000085681677
194,0.04500000085681677
195,0.04500000085681677
196,-0.004999999888241291
197,-0.004999999888241291
198,0.04500000085681677
199,0.09500000160187483
200,-0.004999999888241291
201,-0.004999999888241291
202,-0.004999999888241291
203,0.04500000085681677
204,-0.004999999888241291
205,-0.004999999888241291
206,-0.004999999888241291
207,-0.004999999888241291
208,0.09500000160187483
209,-0.004999999888241291
210,-0.004999999888241291
211,-0.004999999888241291
212,-0.004999999888241291
213,-0.004999999888241291
214,0.04500000085681677
215,-0.004999999888241291
216,-0.004999999888241291
217,-0.004999999888241291
218,-0.004999999888241291
219,0.04500000085681677
220,0.04500000085681677
221,0.04500000085681677
222,-0.004999999888241291
223,-0.004999999888241291
224,-0.004999999888241291
225,-0.004999999888241291
226,-0.004999999888241291
227,0.04500000085681677
228,0.04500000085681677
229,0.04500000085681677
230,0.04500000085681677
231,-0.004999999888241291
232,0.04500000085681677
233,-0.004999999888241291
234,-0.004999999888241291
235,0.04500000085681677
236,-0.004999999888241291
237,-0.004999999888241291
238,0.04500000085681677
239,0.09500000160187483
240,-0.004999999888241291
241,0.04500000085681677
242,0.04500000085681677
243,-0.004999999888241291
244,0.04500000085681677
245,0.04500000085681677
246,0.04500000085681677
247,-0.004999999888241291
248,0.04500000085681677
249,0.04500000085681677
250,-0.004999999888241291
251,-0.004999999888241291
252,0.04500000085681677
253,0.04500000085681677
254,-0.004999999888241291
255,-0.004999999888241291
256,-0.004999999888241291
257,0.04500000085681677
258,-0.004999999888241291
259,0.04500000085681677
260,-0.004999999888241291
261,-0.004999999888241291
262,-0.004999999888241291
263,-0.004999999888241291
264,-0.004999999888241291
265,-0.004999999888241291
266,-0.004999999888241291
267,0.04500000085681677
268,-0.004999999888241291
269,0.04500000085681677
270,-0.004999999888241291
271,-0.004999999888241291
272,-0.004999999888241291
273,-0.004999999888241291
274,-0.004999999888241291
275,-0.004999999888241291
276,-0.004999999888241291
277,-0.004999999888241291
278,-0.004999999888241291
279,-0.004999999888241291
280,-0.004999999888241291
281,-0.004999999888241291
282,-0.004999999888241291
283,-0.004999999888241291
284,-0.004999999888241291
285,-0.004999999888241291
286,-0.004999999888241291
287,-0.004999999888241291
288,-0.004999999888241291
289,-0.004999999888241291
290,-0.004999999888241291
291,-0.004999999888241291
292,-0.004999999888241291
293,-0.004999999888241291
294,-0.004999999888241291
295,-0.004999999888241291
296,-0.004999999888241291
297,-0.004999999888241291
298,-0.004999999888241291
299,-0.004999999888241291
300,-0.004999999888241291
301,-0.004999999888241291
302,-0.004999999888241291
303,-0.004999999888241291
304,-0.004999999888241291
305,-0.004999999888241291
306,0.04500000085681677
307,-0.004999999888241291
308,-0.004999999888241291
309,-0.004999999888241291
310,-0.004999999888241291
311,-0.004999999888241291
312,-0.004999999888241291
313,-0.004999999888241291
314,-0.004999999888241291
315,-0.004999999888241291
316,-0.004999999888241291
317,-0.004999999888241291
318,-0.004999999888241291
319,-0.004999999888241291
320,-0.004999999888241291
321,-0.004999999888241291
322,-0.004999999888241291
323,-0.004999999888241291
324,-0.004999999888241291
325,-0.004999999888241291
326,-0.004999999888241291
327,-0.004999999888241291
328,-0.004999999888241291
329,-0.004999999888241291
330,-0.004999999888241291
331,0.04500000085681677
332,-0.004999999888241291
333,-0.004999999888241291
334,-0.004999999888241291
335,0.04500000085681677
336,-0.004999999888241291
337,-0.004999999888241291
338,-0.004999999888241291
339,-0.004999999888241291
340,-0.004999999888241291
341,-0.004999999888241291
342,-0.004999999888241291
343,-0.004999999888241291
344,-0.004999999888241291
345,-0.004999999888241291
346,-0.004999999888241291
347,-0.004999999888241291
348,-0.004999999888241291
349,-0.004999999888241291
350,-0.004999999888241291
351,-0.004999999888241291
352,-0.004999999888241291
353,-0.004999999888241291
354,-0.004999999888241291
355,-0.004999999888241291
356,-0.004999999888241291
357,-0.004999999888241291
358,-0.004999999888241291
359,-0.004999999888241291
360,-0.004999999888241291
361,-0.004999999888241291
362,-0.004999999888241291
363,-0.004999999888241291
364,-0.004999999888241291
365,-0.004999999888241291
366,-0.004999999888241291
367,-0.004999999888241291
368,-0.004999999888241291
369,-0.004999999888241291
370,-0.004999999888241291
371,-0.004999999888241291
372,-0.004999999888241291
373,-0.004999999888241291
374,-0.004999999888241291
375,-0.004999999888241291
376,-0.004999999888241291
377,-0.004999999888241291
378,-0.004999999888241291
379,-0.004999999888241291
380,-0.004999999888241291
381,-0.004999999888241291
382,-0.004999999888241291
383,-0.004999999888241291
384,-0.004999999888241291
385,-0.004999999888241291
386,-0.004999999888241291
387,-0.004999999888241291
388,-0.004999999888241291
389,-0.004999999888241291
390,-0.004999999888241291
391,-0.004999999888241291
392,-0.004999999888241291
393,-0.004999999888241291
394,-0.004999999888241291
395,-0.004999999888241291
396,-0.004999999888241291
397,-0.004999999888241291
398,-0.004999999888241291
399,-0.004999999888241291
400,-0.004999999888241291
401,-0.004999999888241291
402,0.04500000085681677
403,-0.004999999888241291
404,-0.004999999888241291
405,-0.004999999888241291
406,-0.004999999888241291
407,-0.004999999888241291
408,-0.004999999888241291
409,-0.004999999888241291
410,-0.004999999888241291
411,-0.004999999888241291
412,-0.004999999888241291
413,-0.004999999888241291
414,-0.004999999888241291
415,-0.004999999888241291
416,-0.004999999888241291
417,-0.004999999888241291
418,-0.004999999888241291
419,-0.004999999888241291
420,-0.004999999888241291
421,-0.004999999888241291
422,-0.004999999888241291
423,-0.004999999888241291
424,-0.004999999888241291
425,-0.004999999888241291
426,-0.004999999888241291
427,-0.004999999888241291
428,-0.004999999888241291
429,-0.004999999888241291
430,-0.004999999888241291
431,-0.004999999888241291
432,-0.004999999888241291
433,-0.004999999888241291
434,-0.004999999888241291
435,0.04500000085681677
436,-0.004999999888241291
437,-0.004999999888241291
438,-0.004999999888241291
439,-0.004999999888241291
440,0.04500000085681677
441,-0.004999999888241291
442,0.04500000085681677
443,0.04500000085681677
444,-0.004999999888241291
445,0.04500000085681677
446,0.04500000085681677
447,-0.004999999888241291
448,0.04500000085681677
449,-0.004999999888241291
450,0.04500000085681677
451,0.04500000085681677
452,-0.004999999888241291
453,-0.004999999888241291
454,0.04500000085681677
455,-0.004999999888241291
456,0.04500000085681677
457,-0.004999999888241291
458,-0.004999999888241291
459,-0.004999999888241291
460,0.04500000085681677
461,-0.004999999888241291
462,-0.004999999888241291
463,0.04500000085681677
464,-0.004999999888241291
465,-0.004999999888241291
466,-0.004999999888241291
467,-0.004999999888241291
468,-0.004999999888241291
469,-0.004999999888241291
470,0.04500000085681677
471,-0.004999999888241291
472,-0.004999999888241291
473,-0.004999999888241291
474,0.04500000085681677
475,-0.004999999888241291
476,-0.004999999888241291
477,-0.004999999888241291
478,0.04500000085681677
479,-0.004999999888241291
480,-0.004999999888241291
481,-0.004999999888241291
482,-0.004999999888241291
483,-0.004999999888241291
484,0.04500000085681677
485,-0.004999999888241291
486,-0.004999999888241291
487,0.04500000085681677
488,0.04500000085681677
489,0.04500000085681677
490,-0.004999999888241291
491,-0.004999999888241291
492,-0.004999999888241291
493,0.04500000085681677
494,0.04500000085681677
495,-0.004999999888241291
496,-0.004999999888241291
497,-0.004999999888241291
498,-0.004999999888241291
499,-0.004999999888241291
500,-0.004999999888241291
501,-0.004999999888241291
502,-0.004999999888241291
503,-0.004999999888241291
504,-0.004999999888241291
505,-0.004999999888241291
506,-0.004999999888241291
507,0.04500000085681677
508,-0.004999999888241291
509,-0.004999999888241291
510,0.04500000085681677
511,-0.004999999888241291
512,-0.004999999888241291
513,-0.004999999888241291
514,-0.004999999888241291
515,0.04500000085681677
516,0.04500000085681677
517,0.04500000085681677
518,-0.004999999888241291
519,0.04500000085681677
520,-0.004999999888241291
521,-0.004999999888241291
522,0.04500000085681677
523,-0.004999999888241291
524,-0.004999999888241291
525,0.04500000085681677
526,-0.004999999888241291
527,0.04500000085681677
528,0.04500000085681677
529,-0.004999999888241291
530,0.04500000085681677
531,-0.004999999888241291
532,0.04500000085681677
533,-0.004999999888241291
534,-0.004999999888241291
535,-0.004999999888241291
536,0.04500000085681677
537,-0.004999999888241291
538,0.04500000085681677
539,0.04500000085681677
540,0.04500000085681677
541,0.04500000085681677
542,-0.004999999888241291
543,0.04500000085681677
544,-0.004999999888241291
545,-0.004999999888241291
546,-0.004999999888241291
547,0.04500000085681677
548,0.04500000085681677
549,0.04500000085681677
550,0.04500000085681677
551,0.1450000023469329
552,-0.004999999888241291
553,-0.004999999888241291
554,0.09500000160187483
555,-0.004999999888241291
556,-0.004999999888241291
557,-0.004999999888241291
558,0.04500000085681677
559,0.04500000085681677
560,-0.004999999888241291
561,-0.004999999888241291
562,-0.004999999888241291
563,-0.004999999888241291
564,-0.004999999888241291
565,0.04500000085681677
566,0.04500000085681677
567,-0.004999999888241291
568,-0.004999999888241291
569,0.04500000085681677
570,-0.004999999888241291
571,0.04500000085681677
572,-0.004999999888241291
573,0.04500000085681677
574,-0.004999999888241291
575,0.04500000085681677
576,-0.004999999888241291
577,-0.004999999888241291
578,-0.004999999888241291
579,-0.004999999888241291
580,-0.004999999888241291
581,-0.004999999888241291
582,-0.004999999888241291
583,-0.004999999888241291
584,-0.004999999888241291
585,-0.004999999888241291
586,0.04500000085681677
587,0.04500000085681677
588,-0.004999999888241291
589,0.04500000085681677
590,-0.004999999888241291
591,-0.004999999888241291
592,0.1450000023469329
593,0.04500000085681677
594,-0.004999999888241291
595,-0.004999999888241291
596,-0.004999999888241291
597,0.04500000085681677
598,-0.004999999888241291
599,0.04500000085681677
600,-0.004999999888241291
601,-0.004999999888241291
602,0.04500000085681677
603,0.04500000085681677
604,0.04500000085681677
605,0.04500000085681677
606,-0.004999999888241291
607,-0.004999999888241291
608,0.04500000085681677
609,-0.004999999888241291
610,-0.004999999888241291
611,-0.004999999888241291
612,-0.004999999888241291
613,-0.004999999888241291
614,0.04500000085681677
615,-0.004999999888241291
616,-0.004999999888241291
617,0.04500000085681677
618,0.04500000085681677
619,0.04500000085681677
620,-0.004999999888241291
621,-0.004999999888241291
622,-0.004999999888241291
623,-0.004999999888241291
624,0.04500000085681677
625,0.04500000085681677
626,0.04500000085681677
627,-0.004999999888241291
628,-0.004999999888241291
629,-0.004999999888241291
630,-0.004999999888241291
631,0.04500000085681677
632,-0.004999999888241291
633,0.04500000085681677
634,0.04500000085681677
635,-0.004999999888241291
636,0.09500000160187483
637,-0.004999999888241291
638,-0.004999999888241291
639,0.04500000085681677
640,0.04500000085681677
641,-0.004999999888241291
642,0.04500000085681677
643,0.04500000085681677
644,0.04500000085681677
645,-0.004999999888241291
646,0.04500000085681677
647,0.04500000085681677
648,0.04500000085681677
649,0.1450000023469329
650,0.04500000085681677
651,-0.004999999888241291
652,0.04500000085681677
653,-0.004999999888241291
654,0.04500000085681677
655,-0.004999999888241291
656,-0.004999999888241291
657,0.04500000085681677
658,0.04500000085681677
659,0.04500000085681677
660,-0.004999999888241291
661,-0.004999999888241291
662,-0.004999999888241291
663,-0.004999999888241291
664,0.09500000160187483
665,-0.004999999888241291
666,-0.004999999888241291
667,-0.004999999888241291
668,-0.004999999888241291
669,-0.004999999888241291
670,-0.004999999888241291
671,-0.004999999888241291
672,-0.004999999888241291
673,-0.004999999888241291
674,-0.004999999888241291
675,-0.004999999888241291
676,-0.004999999888241291
677,-0.004999999888241291
678,0.04500000085681677
679,-0.004999999888241291
680,-0.004999999888241291
681,-0.004999999888241291
682,-0.004999999888241291
683,-0.004999999888241291
684,0.04500000085681677
685,-0.004999999888241291
686,0.04500000085681677
687,-0.004999999888241291
688,-0.004999999888241291
689,0.04500000085681677
690,0.09500000160187483
691,-0.004999999888241291
692,-0.004999999888241291
693,-0.004999999888241291
694,-0.004999999888241291
695,-0.004999999888241291
696,0.04500000085681677
697,0.09500000160187483
698,0.04500000085681677
699,-0.004999999888241291
700,-0.004999999888241291
701,-0.004999999888241291
702,-0.004999999888241291
703,-0.004999999888241291
704,-0.004999999888241291
705,0.04500000085681677
706,-0.004999999888241291
707,-0.004999999888241291
708,0.04500000085681677
709,-0.004999999888241291
710,-0.004999999888241291
711,-0.004999999888241291
712,-0.004999999888241291
713,0.04500000085681677
714,0.04500000085681677
715,-0.004999999888241291
716,-0.004999999888241291
717,0.09500000160187483
718,-0.004999999888241291
719,0.04500000085681677
720,-0.004999999888241291
721,-0.004999999888241291
722,-0.004999999888241291
723,-0.004999999888241291
724,0.04500000085681677
725,-0.004999999888241291
726,-0.004999999888241291
727,0.04500000085681677
728,0.04500000085681677
729,-0.004999999888241291
730,-0.004999999888241291
731,-0.004999999888241291
732,-0.004999999888241291
733,-0.004999999888241291
734,-0.004999999888241291
735,-0.004999999888241291
736,-0.004999999888241291
737,0.09500000160187483
738,-0.004999999888241291
739,0.04500000085681677
740,-0.004999999888241291
741,-0.004999999888241291
742,-0.004999999888241291
743,0.04500000085681677
744,-0.004999999888241291
745,-0.004999999888241291
746,0.04500000085681677
747,-0.004999999888241291
748,-0.004999999888241291
749,0.04500000085681677
750,0.04500000085681677
751,-0.004999999888241291
752,0.04500000085681677
753,-0.004999999888241291
754,-0.004999999888241291
755,0.04500000085681677
756,0.04500000085681677
757,-0.004999999888241291
758,0.04500000085681677
759,-0.004999999888241291
760,-0.004999999888241291
761,-0.004999999888241291
762,0.04500000085681677
763,0.04500000085681677
764,-0.004999999888241291
765,-0.004999999888241291
766,0.04500000085681677
767,0.09500000160187483
768,-0.004999999888241291
769,-0.004999999888241291
770,-0.004999999888241291
771,0.09500000160187483
772,-0.004999999888241291
773,0.04000000096857548
774,-0.004999999888241291
775,-0.004999999888241291
776,0.04500000085681677
777,-0.004999999888241291
778,0.09500000160187483
779,-0.004999999888241291
780,-0.004999999888241291
781,0.04500000085681677
782,0.04500000085681677
783,-0.004999999888241291
784,-0.004999999888241291
785,0.04500000085681677
786,-0.004999999888241291
787,-0.004999999888241291
788,-0.004999999888241291
789,-0.004999999888241291
790,0.04500000085681677
791,-0.004999999888241291
792,-0.004999999888241291
793,-0.004999999888241291
794,0.04500000085681677
795,-0.004999999888241291
796,0.04500000085681677
797,0.04500000085681677
798,0.04500000085681677
799,-0.004999999888241291
800,-0.004999999888241291
801,-0.004999999888241291
802,0.09500000160187483
803,0.04500000085681677
804,0.04500000085681677
805,0.04000000096857548
806,-0.004999999888241291
807,-0.004999999888241291
808,-0.004999999888241291
809,0.04500000085681677
810,-0.004999999888241291
811,0.09500000160187483
812,-0.004999999888241291
813,0.09500000160187483
814,-0.004999999888241291
815,-0.004999999888241291
816,0.09500000160187483
817,-0.004999999888241291
818,-0.004999999888241291
819,-0.004999999888241291
820,0.04500000085681677
821,-0.004999999888241291
822,0.09500000160187483
823,-0.004999999888241291
824,0.04500000085681677
825,-0.004999999888241291
826,-0.004999999888241291
827,-0.004999999888241291
828,-0.004999999888241291
829,-0.004999999888241291
830,-0.004999999888241291
831,-0.004999999888241291
832,-0.004999999888241291
833,-0.004999999888241291
834,-0.004999999888241291
835,0.04500000085681677
836,-0.004999999888241291
837,-0.004999999888241291
838,0.04500000085681677
839,-0.004999999888241291
840,-0.004999999888241291
841,0.04500000085681677
842,0.04500000085681677
843,-0.004999999888241291
844,0.04500000085681677
845,-0.004999999888241291
846,-0.004999999888241291
847,-0.004999999888241291
848,0.04500000085681677
849,0.04500000085681677
850,-0.004999999888241291
851,-0.004999999888241291
852,-0.004999999888241291
853,-0.004999999888241291
854,-0.004999999888241291
855,0.04500000085681677
856,-0.004999999888241291
857,0.04000000096857548
858,-0.004999999888241291
859,0.04500000085681677
860,0.04500000085681677
861,-0.004999999888241291
862,-0.004999999888241291
863,0.04500000085681677
864,-0.004999999888241291
865,-0.004999999888241291
866,0.04500000085681677
867,-0.004999999888241291
868,0.09500000160187483
869,-0.004999999888241291
870,-0.004999999888241291
871,-0.004999999888241291
872,0.04500000085681677
873,-0.004999999888241291
874,0.04500000085681677
875,0.04500000085681677
876,-0.004999999888241291
877,0.04500000085681677
878,0.04500000085681677
879,0.04500000085681677
880,-0.004999999888241291
881,-0.004999999888241291
882,0.19500000309199095
883,0.09000000171363354
884,0.04500000085681677
885,-0.004999999888241291
886,-0.004999999888241291
887,-0.004999999888241291
888,-0.004999999888241291
889,0.04500000178813934
890,-0.004999999888241291
891,0.04500000085681677
892,0.04500000085681677
893,0.04500000085681677
894,-0.004999999888241291
895,0.04500000085681677
896,0.04500000085681677
897,-0.004999999888241291
898,0.04500000085681677
899,-0.004999999888241291
900,-0.004999999888241291
901,0.04500000085681677
902,-0.004999999888241291
903,-0.004999999888241291
904,-0.004999999888241291
905,-0.004999999888241291
906,-0.004999999888241291
907,-0.004999999888241291
908,-0.004999999888241291
909,0.04500000085681677
910,0.04500000085681677
911,-0.004999999888241291
912,-0.004999999888241291
913,-0.004999999888241291
914,0.09500000160187483
915,0.04500000085681677
916,0.04500000085681677
917,0.04500000085681677
918,0.04500000085681677
919,0.04500000085681677
920,-0.004999999888241291
921,-0.004999999888241291
922,0.04500000085681677
923,0.04500000085681677
924,0.04500000085681677
925,0.04500000085681677
926,0.04500000085681677
927,-0.004999999888241291
928,-0.004999999888241291
929,-0.004999999888241291
930,-0.004999999888241291
931,-0.004999999888241291
932,0.04500000085681677
933,0.04000000096857548
934,-0.004999999888241291
935,-0.004999999888241291
936,-0.004999999888241291
937,-0.004999999888241291
938,-0.004999999888241291
939,-0.004999999888241291
940,0.04500000085681677
941,0.04500000085681677
942,0.04500000085681677
943,0.04500000085681677
944,0.04500000085681677
945,0.1450000023469329
946,0.04500000085681677
947,-0.004999999888241291
948,-0.004999999888241291
949,0.04500000085681677
950,-0.004999999888241291
951,0.04500000085681677
952,-0.004999999888241291
953,0.09500000160187483
954,0.1450000023469329
955,-0.004999999888241291
956,0.04500000085681677
957,0.04500000085681677
958,0.04500000085681677
959,0.04500000085681677
960,-0.004999999888241291
961,-0.004999999888241291
962,-0.004999999888241291
963,0.04500000085681677
964,-0.004999999888241291
965,-0.004999999888241291
966,-0.004999999888241291
967,-0.004999999888241291
968,0.04500000085681677
969,0.04500000085681677
970,-0.004999999888241291
971,0.04500000085681677
972,-0.004999999888241291
973,-0.004999999888241291
974,-0.004999999888241291
975,0.09500000160187483
976,-0.004999999888241291
977,-0.004999999888241291
978,0.09500000160187483
979,0.04500000085681677
980,-0.004999999888241291
981,0.19500000309199095
982,0.04500000085681677
983,0.04500000085681677
984,0.04500000085681677
985,0.04500000085681677
986,-0.004999999888241291
987,0.04500000085681677
988,0.04500000085681677
989,0.04500000085681677
990,-0.004999999888241291
991,-0.004999999888241291
992,0.04500000085681677
993,-0.004999999888241291
994,-0.004999999888241291
995,-0.004999999888241291
996,0.19500000309199095
997,0.04500000085681677
998,-0.004999999888241291
999,-0.004999999888241291
1000,0.04500000085681677
1001,-0.004999999888241291
1002,-0.004999999888241291
1003,0.04500000085681677
1004,-0.004999999888241291
1005,-0.004999999888241291
1006,0.04500000085681677
1007,-0.004999999888241291
1008,-0.004999999888241291
1009,0.04500000085681677
1010,0.04500000085681677
1011,0.04500000085681677
1012,0.04500000085681677
1013,0.04500000085681677
1014,0.04500000085681677
1015,0.04500000085681677
1016,0.04500000085681677
1017,-0.004999999888241291
1018,0.04500000085681677
1019,-0.004999999888241291
1020,-0.004999999888241291
1021,-0.004999999888241291
1022,0.09500000160187483
1023,-0.004999999888241291
1024,-0.004999999888241291
1025,0.1450000023469329
1026,0.04500000085681677
1027,0.09500000160187483
1028,0.04500000085681677
1029,0.04500000085681677
1030,-0.004999999888241291
1031,0.04500000085681677
1032,0.04500000085681677
1033,0.04500000085681677
1034,-0.004999999888241291
1035,-0.004999999888241291
1036,0.04500000085681677
1037,-0.004999999888241291
1038,-0.004999999888241291
1039,0.04500000085681677
1040,0.04500000085681677
1041,-0.004999999888241291
1042,-0.004999999888241291
1043,-0.004999999888241291
1044,-0.004999999888241291
1045,-0.004999999888241291
1046,0.04500000085681677
1047,-0.004999999888241291
1048,0.04500000085681677
1049,0.04500000085681677
1050,0.04500000085681677
1051,0.04500000085681677
1052,-0.004999999888241291
1053,0.1450000023469329
1054,-0.004999999888241291
1055,0.04500000085681677
1056,-0.004999999888241291
1057,-0.004999999888241291
1058,-0.004999999888241291
1059,0.04500000085681677
1060,0.04500000085681677
1061,-0.004999999888241291
1062,-0.004999999888241291
1063,0.04500000085681677
1064,0.04500000085681677
1065,0.04500000085681677
1066,0.04500000085681677
1067,-0.004999999888241291
1068,0.04500000085681677
1069,-0.004999999888241291
1070,-0.004999999888241291
1071,0.04500000085681677
1072,-0.004999999888241291
1073,0.04500000085681677
1074,0.09500000160187483
1075,0.04500000085681677
1076,-0.004999999888241291
1077,0.09500000160187483
1078,0.04500000085681677
1079,-0.004999999888241291
1080,-0.004999999888241291
1081,0.04500000085681677
1082,-0.004999999888241291
1083,-0.004999999888241291
1084,-0.004999999888241291
1085,0.04500000085681677
1086,-0.004999999888241291
1087,0.04500000085681677
1088,0.04500000085681677
1089,0.09500000160187483
1090,-0.004999999888241291
1091,0.04500000085681677
1092,0.09500000160187483
1093,-0.004999999888241291
1094,-0.004999999888241291
1095,0.04500000085681677
1096,0.1450000023469329
1097,-0.004999999888241291
1098,0.09500000160187483
1099,0.04500000085681677
1100,-0.004999999888241291
1101,0.09500000160187483
1102,-0.004999999888241291
1103,-0.004999999888241291
1104,0.04500000085681677
1105,0.04500000085681677
1106,-0.004999999888241291
1107,0.09500000160187483
1108,-0.004999999888241291
1109,-0.004999999888241291
1110,-0.004999999888241291
1111,0.04500000085681677
1112,0.04500000085681677
1113,-0.004999999888241291
1114,-0.004999999888241291
1115,0.04500000085681677
1116,-0.004999999888241291
1117,-0.004999999888241291
1118,0.09500000160187483
1119,0.04500000085681677
1120,-0.004999999888241291
1121,-0.004999999888241291
1122,0.04500000085681677
1123,-0.004999999888241291
1124,0.04500000085681677
1125,-0.004999999888241291
1126,-0.004999999888241291
1127,-0.004999999888241291
1128,-0.004999999888241291
1129,0.04500000085681677
1130,0.04500000085681677
1131,0.04500000085681677
1132,0.04500000085681677
1133,-0.004999999888241291
1134,0.1450000023469329
1135,0.04500000085681677
1136,-0.004999999888241291
1137,-0.004999999888241291
1138,0.04500000085681677
1139,-0.004999999888241291
1140,-0.004999999888241291
1141,0.04500000085681677
1142,0.04500000085681677
1143,0.04500000085681677
1144,0.09500000160187483
1145,0.04500000085681677
1146,0.04500000085681677
1147,-0.004999999888241291
1148,0.04500000085681677
1149,0.09500000160187483
1150,0.04500000085681677
1151,-0.004999999888241291
1152,0.1450000023469329
1153,0.04500000085681677
1154,-0.004999999888241291
1155,0.245000003837049
1156,0.04500000085681677
1157,-0.004999999888241291
1158,0.04500000085681677
1159,-0.004999999888241291
1160,0.19500000309199095
1161,-0.004999999888241291
1162,-0.004999999888241291
1163,0.04500000085681677
1164,0.04500000085681677
1165,-0.004999999888241291
1166,0.09500000160187483
1167,0.04500000085681677
1168,0.04500000085681677
1169,0.04500000085681677
1170,0.09500000160187483
1171,0.04500000085681677
1172,0.04500000085681677
1173,0.04500000085681677
1174,0.04500000085681677
1175,-0.004999999888241291
1176,0.04500000085681677
1177,0.04500000085681677
1178,0.09500000160187483
1179,0.09500000160187483
1180,0.04500000085681677
1181,0.04500000085681677
1182,0.09500000160187483
1183,0.1450000023469329
1184,0.09500000160187483
1185,0.04500000085681677
1186,-0.004999999888241291
1187,0.09500000160187483
1188,0.04500000085681677
1189,0.04500000085681677
1190,0.19500000309199095
1191,-0.004999999888241291
1192,0.1450000023469329
1193,-0.004999999888241291
1194,0.04500000085681677
1195,0.04500000085681677
1196,-0.004999999888241291
1197,0.04500000085681677
1198,0.09500000160187483
1199,0.04500000085681677
1200,0.09500000160187483
1201,0.04500000085681677
1202,0.04500000085681677
1203,-0.004999999888241291
1204,0.04500000178813934
1205,0.04500000085681677
1206,-0.004999999888241291
1207,0.04500000085681677
1208,-0.004999999888241291
1209,0.04500000085681677
1210,-0.004999999888241291
1211,0.04500000085681677
1212,0.04500000085681677
1213,0.04500000085681677
1214,0.04500000085681677
1215,0.19500000309199095
1216,0.09500000160187483
1217,0.04500000085681677
1218,0.1450000023469329
1219,0.04500000085681677
1220,0.04500000085681677
1221,-0.004999999888241291
1222,0.04500000085681677
1223,0.09500000160187483
1224,0.04500000085681677
1225,0.04500000085681677
1226,0.04500000085681677
1227,0.19500000309199095
1228,0.1450000023469329
1229,0.1450000023469329
1230,0.1450000023469329
1231,-0.004999999888241291
1232,-0.004999999888241291
1233,-0.004999999888241291
1234,0.1450000023469329
1235,0.04500000085681677
1236,0.09500000160187483
1237,0.09500000160187483
1238,0.04500000085681677
1239,0.04500000085681677
1240,0.04500000085681677
1241,-0.004999999888241291
1242,-0.004999999888241291
1243,0.1450000023469329
1244,0.1450000023469329
1245,-0.004999999888241291
1246,0.04500000085681677
1247,-0.004999999888241291
1248,-0.004999999888241291
1249,0.04500000085681677
1250,0.04500000085681677
1251,-0.004999999888241291
1252,0.245000003837049
1253,-0.004999999888241291
1254,0.1450000023469329
1255,0.04500000085681677
1256,0.04500000085681677
1257,0.04500000085681677
1258,-0.004999999888241291
1259,0.04500000085681677
1260,0.09500000160187483
1261,0.04500000085681677
1262,0.04500000085681677
1263,0.1450000023469329
1264,0.1450000023469329
1265,-0.004999999888241291
1266,0.04500000085681677
1267,0.04500000085681677
1268,0.04500000085681677
1269,0.09500000160187483
1270,0.1450000023469329
1271,-0.004999999888241291
1272,0.1450000023469329
1273,0.04500000085681677
1274,0.09500000160187483
1275,-0.004999999888241291
1276,0.04500000085681677
1277,0.09500000160187483
1278,-0.004999999888241291
1279,0.1450000023469329
1280,-0.004999999888241291
1281,-0.004999999888241291
1282,0.04500000085681677
1283,0.04500000085681677
1284,0.1450000023469329
1285,-0.004999999888241291
1286,-0.004999999888241291
1287,0.09500000160187483
1288,0.09500000160187483
1289,0.09500000160187483
1290,-0.004999999888241291
1291,0.1450000023469329
1292,0.04500000085681677
1293,0.04500000085681677
1294,0.04500000178813934
1295,-0.004999999888241291
1296,0.04500000085681677
1297,0.1450000023469329
1298,0.04500000085681677
1299,0.1450000023469329
1300,0.1450000023469329
1301,0.04500000085681677
1302,0.1450000023469329
1303,-0.004999999888241291
1304,0.1450000023469329
1305,0.04500000085681677
1306,0.04500000085681677
1307,0.09500000160187483
1308,0.09500000160187483
1309,0.1450000023469329
1310,0.1450000023469329
1311,-0.004999999888241291
1312,-0.004999999888241291
1313,0.1450000023469329
1314,-0.004999999888241291
1315,0.3450000053271651
1316,-0.004999999888241291
1317,0.09500000160187483
1318,0.04500000085681677
1319,0.04500000085681677
1320,0.1450000023469329
1321,-0.004999999888241291
1322,0.04500000085681677
1323,0.1450000023469329
1324,0.1450000023469329
1325,-0.004999999888241291
1326,-0.004999999888241291
1327,0.245000003837049
1328,0.1450000023469329
1329,-0.004999999888241291
1330,-0.004999999888241291
1331,0.09500000160187483
1332,-0.004999999888241291
1333,0.04500000085681677
1334,0.04500000085681677
1335,0.09500000160187483
1336,0.04500000085681677
1337,0.09500000160187483
1338,0.1450000023469329
1339,0.09500000160187483
1340,-0.004999999888241291
1341,0.04500000085681677
1342,0.1450000023469329
1343,0.04500000085681677
1344,0.04500000085681677
1345,0.1450000023469329
1346,0.0950000025331974
1347,0.09500000160187483
1348,0.1450000023469329
1349,-0.004999999888241291
1350,0.09500000160187483
1351,-0.004999999888241291
1352,-0.004999999888241291
1353,0.04500000085681677
1354,-0.004999999888241291
1355,0.04500000085681677
1356,0.09500000160187483
1357,0.09500000160187483
1358,0.1450000023469329
1359,0.04500000085681677
1360,0.09500000160187483
1361,-0.004999999888241291
1362,0.04500000085681677
1363,0.04500000085681677
1364,-0.004999999888241291
1365,0.04500000085681677
1366,0.04500000085681677
1367,0.09500000160187483
1368,0.3950000060722232
1369,0.04500000085681677
1370,0.09500000160187483
1371,0.04500000085681677
1372,0.09500000160187483
1373,0.1450000023469329
1374,0.09500000160187483
1375,0.1450000023469329
1376,0.04500000085681677
1377,0.1450000023469329
1378,0.04500000085681677
1379,0.04500000085681677
1380,0.245000003837049
1381,0.04500000085681677
1382,0.09500000160187483
1383,0.09500000160187483
1384,0.04500000085681677
1385,0.09500000160187483
1386,0.1450000023469329
1387,-0.004999999888241291
1388,0.04500000085681677
1389,0.1450000023469329
1390,0.1450000023469329
1391,0.04500000085681677
1392,-0.004999999888241291
1393,0.1450000023469329
1394,0.04500000085681677
1395,0.09500000160187483
1396,0.1450000023469329
1397,0.09500000160187483
1398,-0.004999999888241291
1399,0.1450000023469329
1400,0.04500000085681677
1401,0.04500000085681677
1402,0.04500000085681677
1403,0.1450000023469329
1404,0.245000003837049
1405,0.04500000085681677
1406,0.04500000085681677
1407,0.04500000085681677
1408,0.3950000060722232
1409,0.04500000085681677
1410,0.09500000160187483
1411,-0.004999999888241291
1412,-0.004999999888241291
1413,0.1450000023469329
1414,-0.004999999888241291
1415,0.09500000160187483
1416,0.1450000023469329
1417,0.04500000085681677
1418,0.04500000085681677
1419,0.04500000085681677
1420,0.04500000085681677
1421,0.19500000309199095
1422,0.04500000085681677
1423,-0.004999999888241291
1424,0.04500000085681677
1425,0.04500000085681677
1426,0.09500000160187483
1427,0.04500000085681677
1428,-0.004999999888241291
1429,0.04500000085681677
1430,0.245000003837049
1431,0.04500000085681677
1432,0.09500000160187483
1433,0.09500000160187483
1434,0.1450000023469329
1435,0.09500000160187483
1436,0.24500000476837158
1437,0.04500000085681677
1438,0.04500000085681677
1439,0.1450000023469329
1440,0.04500000085681677
1441,0.04500000085681677
1442,0.09500000160187483
1443,0.1450000023469329
1444,0.09500000160187483
1445,-0.004999999888241291
1446,0.04500000085681677
1447,0.1450000023469329
1448,0.04500000085681677
1449,-0.004999999888241291
1450,0.3450000053271651
1451,0.04500000085681677
1452,0.04500000085681677
1453,0.1450000023469329
1454,0.1450000023469329
1455,0.04500000085681677
1456,0.04500000085681677
1457,0.1450000023469329
1458,0.09500000160187483
1459,0.09500000160187483
1460,0.09500000160187483
1461,0.04500000085681677
1462,0.04500000085681677
1463,0.04500000085681677
1464,0.09500000160187483
1465,0.04500000085681677
1466,0.04500000085681677
1467,0.09500000160187483
1468,0.0950000025331974
1469,-0.004999999888241291
1470,0.09500000160187483
1471,0.09500000160187483
1472,0.09500000160187483
1473,0.04500000085681677
1474,0.04500000085681677
1475,-0.004999999888241291
1476,0.04500000085681677
1477,0.04500000085681677
1478,0.09500000160187483
1479,0.04500000085681677
1480,-0.004999999888241291
1481,0.19500000309199095
1482,0.04500000085681677
1483,0.19500000309199095
1484,0.04500000085681677
1485,0.04500000085681677
1486,0.29500000458210707
1487,0.04500000085681677
1488,0.0950000025331974
1489,0.04500000085681677
1490,0.04500000085681677
1491,0.1450000023469329
1492,0.04500000085681677
1493,-0.004999999888241291
1494,0.0950000025331974
1495,0.04500000085681677
1496,0.04500000085681677
1497,0.1450000023469329
1498,0.09500000160187483
1499,-0.004999999888241291
1500,0.1450000023469329
1501,0.09500000160187483
1502,0.09500000160187483
1503,0.04500000085681677
1504,0.04500000085681677
1505,0.1450000023469329
1506,0.1450000023469329
1507,0.04500000085681677
1508,0.1450000023469329
1509,0.09500000160187483
1510,-0.004999999888241291
1511,0.04500000085681677
1512,0.09500000160187483
1513,0.04500000085681677
1514,0.04500000085681677
1515,0.04500000085681677
1516,0.3450000053271651
1517,0.1450000023469329
1518,0.04500000085681677
1519,0.09500000160187483
1520,0.04500000085681677
1521,0.09500000160187483
1522,0.1450000023469329
1523,0.09500000160187483
1524,0.1450000023469329
1525,0.1450000023469329
1526,0.04500000085681677
1527,0.04500000085681677
1528,0.1450000023469329
1529,0.1450000023469329
1530,0.245000003837049
1531,0.09500000160187483
1532,0.04500000085681677
1533,0.09500000160187483
1534,0.1450000023469329
1535,0.04500000085681677
1536,0.1450000023469329
1537,0.04500000085681677
1538,0.09500000160187483
1539,0.04500000085681677
1540,0.04500000085681677
1541,0.1450000023469329
1542,0.04500000085681677
1543,0.04500000085681677
1544,0.09500000160187483
1545,0.1450000023469329
1546,0.09500000160187483
1547,0.1450000023469329
1548,0.04500000085681677
1549,0.1450000023469329
1550,0.1450000023469329
1551,0.1450000023469329
1552,-0.004999999888241291
1553,0.1450000023469329
1554,0.04500000085681677
1555,0.04500000085681677
1556,0.09500000160187483
1557,0.09500000160187483
1558,0.1450000023469329
1559,0.09500000160187483
1560,0.04500000085681677
1561,0.09500000160187483
1562,0.04500000085681677
1563,0.04500000085681677
1564,0.19500000309199095
1565,0.1450000023469329
1566,0.245000003837049
1567,-0.004999999888241291
1568,0.04500000085681677
1569,0.1450000023469329
1570,0.09500000160187483
1571,0.04500000085681677
1572,0.09500000160187483
1573,0.09500000160187483
1574,0.04500000085681677
1575,0.04500000085681677
1576,0.04500000085681677
1577,0.1450000023469329
1578,0.1450000023469329
1579,0.04500000085681677
1580,0.09500000160187483
1581,0.1450000023469329
1582,0.04500000085681677
1583,0.19500000309199095
1584,0.09500000160187483
1585,0.1450000023469329
1586,0.1450000023469329
1587,0.04500000085681677
1588,0.29500000458210707
1589,0.1450000023469329
1590,0.19500000309199095
1591,0.1450000023469329
1592,0.04500000085681677
1593,0.245000003837049
1594,0.04500000085681677
1595,0.1450000023469329
1596,0.04500000085681677
1597,0.1450000023469329
1598,0.19500000309199095
1599,0.1450000023469329
1600,0.04500000085681677
1601,0.04500000085681677
1602,0.19500000309199095
1603,0.09500000160187483
1604,0.09500000160187483
1605,0.1450000023469329
1606,0.245000003837049
1607,0.04500000085681677
1608,0.245000003837049
1609,0.09500000160187483
1610,0.04500000085681677
1611,0.245000003837049
1612,0.04500000085681677
1613,0.04500000085681677
1614,-0.004999999888241291
1615,-0.004999999888241291
1616,0.1450000023469329
1617,0.04500000085681677
1618,0.245000003837049
1619,0.04500000085681677
1620,0.09500000160187483
1621,0.04500000085681677
1622,0.04500000085681677
1623,-0.004999999888241291
1624,0.245000003837049
1625,0.1450000023469329
1626,0.1450000023469329
1627,-0.004999999888241291
1628,0.1450000023469329
1629,0.09500000160187483
1630,0.09500000160187483
1631,0.04500000085681677
1632,0.245000003837049
1633,0.0950000025331974
1634,0.19500000402331352
1635,0.3950000060722232
1636,0.04500000085681677
1637,0.1450000023469329
1638,-0.004999999888241291
1639,0.04500000085681677
1640,0.09500000160187483
1641,0.245000003837049
1642,0.04500000085681677
1643,0.04500000085681677
1644,0.04500000085681677
1645,0.04500000085681677
1646,0.09500000160187483
1647,0.09500000160187483
1648,-0.004999999888241291
1649,0.1450000023469329
1650,0.1450000023469329
1651,0.04500000085681677
1652,0.1450000023469329
1653,0.04500000085681677
1654,0.09500000160187483
1655,0.04500000085681677
1656,0.09500000160187483
1657,0.04500000085681677
1658,0.4950000075623393
1659,0.04500000085681677
1660,0.09500000160187483
1661,0.04500000085681677
1662,0.04500000085681677
1663,0.1450000023469329
1664,0.04500000085681677
1665,0.04500000085681677
1666,0.1450000023469329
1667,0.04500000085681677
1668,0.1450000023469329
1669,0.04500000085681677
1670,0.1450000023469329
1671,0.04500000085681677
1672,0.04500000085681677
1673,0.245000003837049
1674,0.04500000085681677
1675,0.04500000085681677
1676,0.04500000085681677
1677,0.1450000023469329
1678,0.245000003837049
1679,0.04500000085681677
1680,0.1450000023469329
1681,-0.004999999888241291
1682,0.1450000023469329
1683,0.1450000023469329
1684,0.29500000458210707
1685,0.04500000085681677
1686,0.29500000458210707
1687,0.04500000085681677
1688,0.1450000023469329
1689,0.04500000085681677
1690,-0.004999999888241291
1691,0.09500000160187483
1692,0.0950000025331974
1693,0.09500000160187483
1694,0.09500000160187483
1695,0.09500000160187483
1696,0.245000003837049
1697,0.09500000160187483
1698,0.09500000160187483
1699,0.04500000085681677
1700,0.04500000085681677
1701,0.1450000023469329
1702,0.09500000160187483
1703,0.09500000160187483
1704,0.1450000023469329
1705,0.09500000160187483
1706,0.19500000309199095
1707,-0.004999999888241291
1708,0.1450000023469329
1709,0.19500000309199095
1710,0.04500000085681677
1711,0.1450000023469329
1712,0.09500000160187483
1713,0.19500000309199095
1714,0.09500000160187483
1715,0.04500000085681677
1716,0.09500000160187483
1717,-0.004999999888241291
1718,0.09500000160187483
1719,0.1450000023469329
1720,0.04500000085681677
1721,0.3450000053271651
1722,0.09500000160187483
1723,0.19500000309199095
1724,0.19500000309199095
1725,0.04500000085681677
1726,0.09500000160187483
1727,0.04500000085681677
1728,0.1450000023469329
1729,0.19500000309199095
1730,-0.004999999888241291
1731,0.1450000023469329
1732,0.09500000160187483
1733,0.09500000160187483
1734,0.09500000160187483
1735,0.09500000160187483
1736,0.1450000023469329
1737,0.04500000085681677
1738,0.09500000160187483
1739,0.1450000023469329
1740,0.04500000085681677
1741,0.09500000160187483
1742,0.04500000085681677
1743,0.1450000023469329
1744,0.04500000085681677
1745,0.09500000160187483
1746,0.1450000023469329
1747,0.6450000097975135
1748,0.1450000023469329
1749,0.1450000023469329
1750,0.19500000309199095
1751,0.19500000309199095
1752,0.1450000023469329
1753,0.04500000085681677
1754,0.245000003837049
1755,0.3450000053271651
1756,0.1450000023469329
1757,0.24500000476837158
1758,-0.004999999888241291
1759,0.3450000053271651
1760,0.1450000023469329
1761,0.04500000085681677
1762,0.09500000160187483
1763,0.09500000160187483
1764,0.09500000160187483
1765,0.04500000085681677
1766,0.1450000023469329
1767,0.04500000085681677
1768,-0.004999999888241291
1769,0.09500000160187483
1770,0.04500000085681677
1771,0.1450000023469329
1772,0.04500000085681677
1773,0.04500000085681677
1774,0.1450000023469329
1775,0.19500000309199095
1776,0.1450000023469329
1777,0.04500000085681677
1778,0.5450000083073974
1779,0.245000003837049
1780,0.1450000023469329
1781,0.09500000160187483
1782,0.1450000023469329
1783,0.04500000085681677
1784,0.19500000309199095
1785,0.09500000160187483
1786,0.09500000160187483
1787,0.04500000085681677
1788,0.6450000097975135
1789,0.19500000309199095
1790,0.04500000085681677
1791,0.1450000023469329
1792,0.245000003837049
1793,0.09500000160187483
1794,0.1450000023469329
1795,0.1450000023469329
1796,-0.004999999888241291
1797,0.1450000023469329
1798,0.1450000023469329
1799,0.1450000023469329
1800,-0.004999999888241291
1801,0.09500000160187483
1802,0.04500000085681677
1803,0.1450000023469329
1804,0.04500000085681677
1805,0.245000003837049
1806,0.1450000023469329
1807,0.1450000023469329
1808,0.6450000097975135
1809,0.5450000083073974
1810,-0.004999999888241291
1811,0.04500000085681677
1812,-0.004999999888241291
1813,0.1450000023469329
1814,-0.004999999888241291
1815,0.245000003837049
1816,0.09500000160187483
1817,0.1450000023469329
1818,0.1450000023469329
1819,0.1450000023469329
1820,0.04500000178813934
1821,0.04500000085681677
1822,0.1450000023469329
1823,0.09500000160187483
1824,0.09500000160187483
1825,0.44500000681728125
1826,0.04500000085681677
1827,0.04500000085681677
1828,0.1450000023469329
1829,0.09500000160187483
1830,0.1450000023469329
1831,0.19500000402331352
1832,0.04500000085681677
1833,0.09500000160187483
1834,0.09500000160187483
1835,0.04500000085681677
1836,0.4950000075623393
1837,0.6950000105425715
1838,0.1450000023469329
1839,0.1450000023469329
1840,0.09500000160187483
1841,0.1450000023469329
1842,0.1450000023469329
1843,0.09500000160187483
1844,0.04500000085681677
1845,-0.004999999888241291
1846,0.09500000160187483
1847,0.04500000085681677
1848,0.1450000023469329
1849,0.04500000085681677
1850,0.09500000160187483
1851,0.29500000458210707
1852,0.04500000085681677
1853,0.1450000023469329
1854,0.1450000023469329
1855,0.1450000023469329
1856,0.1450000023469329
1857,0.1450000023469329
1858,0.3450000053271651
1859,0.1450000023469329
1860,0.09500000160187483
1861,-0.004999999888241291
1862,0.04500000085681677
1863,0.1450000023469329
1864,0.09500000160187483
1865,0.1450000023469329
1866,0.04500000085681677
1867,0.04500000085681677
1868,0.1450000023469329
1869,0.19500000309199095
1870,0.04500000085681677
1871,0.04500000085681677
1872,0.09500000160187483
1873,0.09500000160187483
1874,-0.004999999888241291
1875,-0.004999999888241291
1876,-0.004999999888241291
1877,0.09500000160187483
1878,0.09500000160187483
1879,0.04500000085681677
1880,0.44500000681728125
1881,0.04500000085681677
1882,0.1450000023469329
1883,0.09500000160187483
1884,0.1450000023469329
1885,-0.004999999888241291
1886,0.09500000160187483
1887,0.1450000023469329
1888,0.04500000085681677
1889,0.4950000075623393
1890,0.04500000085681677
1891,0.1450000023469329
1892,0.04500000085681677
1893,0.1450000023469329
1894,1.345000021159649
1895,0.3950000060722232
1896,0.04500000085681677
1897,-0.004999999888241291
1898,0.04500000085681677
1899,0.1450000023469329
1900,0.04500000085681677
1901,0.1450000023469329
1902,0.1450000023469329
1903,0.04500000085681677
1904,0.04500000085681677
1905,0.1450000023469329
1906,0.04500000085681677
1907,0.04500000085681677
1908,0.1450000023469329
1909,0.1450000023469329
1910,-0.004999999888241291
1911,0.04500000085681677
1912,0.1450000023469329
1913,0.04500000085681677
1914,0.6450000097975135
1915,0.1450000023469329
1916,0.5450000083073974
1917,0.04500000085681677
1918,0.1450000023469329
1919,0.04500000085681677
1920,0.245000003837049
1921,0.09500000160187483
1922,0.1450000023469329
1923,0.04500000085681677
1924,0.44500000681728125
1925,0.09500000160187483
1926,0.19500000309199095
1927,0.19500000309199095
1928,0.1450000023469329
1929,0.3450000053271651
1930,0.1450000023469329
1931,0.09500000160187483
1932,0.1450000023469329
1933,0.3450000053271651
1934,0.19500000309199095
1935,0.04500000085681677
1936,0.09500000160187483
1937,0.1450000023469329
1938,0.245000003837049
1939,0.245000003837049
1940,0.1450000023469329
1941,-0.004999999888241291
1942,0.09500000160187483
1943,0.4450000077486038
1944,0.04500000085681677
1945,-0.004999999888241291
1946,0.09500000160187483
1947,0.19500000309199095
1948,0.09500000160187483
1949,0.09500000160187483
1950,0.9450000142678618
1951,0.04500000085681677
1952,-0.004999999888241291
1953,0.19500000309199095
1954,0.09500000160187483
1955,0.04500000085681677
1956,0.04500000085681677
1957,0.1450000023469329
1958,0.1450000023469329
1959,-0.004999999888241291
1960,0.1450000023469329
1961,0.04500000085681677
1962,0.09500000160187483
1963,0.04500000085681677
1964,0.1450000023469329
1965,0.19500000309199095
1966,0.19500000309199095
1967,0.04500000085681677
1968,0.19500000309199095
1969,0.29500000551342964
1970,0.1450000023469329
1971,-0.004999999888241291
1972,0.04500000085681677
1973,0.6450000097975135
1974,0.09500000160187483
1975,0.3450000053271651
1976,0.19500000309199095
1977,0.14500000327825546
1978,0.04500000085681677
1979,-0.004999999888241291
1980,0.1450000023469329
1981,0.04500000085681677
1982,0.19500000309199095
1983,0.04500000085681677
1984,0.19500000309199095
1985,0.04500000085681677
1986,0.04500000085681677
1987,0.1450000023469329
1988,0.1450000023469329
1989,0.1450000023469329
1990,0.6950000105425715
1991,0.09500000160187483
1992,0.5950000090524554
1993,0.04500000085681677
1994,0.1450000023469329
1995,0.09500000160187483
1996,-0.004999999888241291
1997,0.04500000085681677
1998,0.04500000085681677
1999,0.04500000085681677
2000,0.09500000160187483
2001,0.1450000023469329
2002,0.1450000023469329
2003,0.29500000458210707
2004,0.19500000402331352
2005,0.09500000160187483
2006,0.19500000309199095
2007,0.3450000053271651
2008,0.09500000160187483
2009,0.1450000023469329
2010,0.1450000023469329
2011,0.3950000060722232
2012,0.04500000085681677
2013,0.44500000681728125
2014,0.04500000085681677
2015,0.04500000085681677
2016,0.09500000160187483
2017,0.5950000090524554
2018,0.04500000085681677
2019,0.04500000085681677
2020,0.19500000309199095
2021,0.1450000023469329
2022,0.19500000309199095
2023,0.3950000060722232
2024,0.04500000085681677
2025,0.245000003837049
2026,0.09500000160187483
2027,0.09500000160187483
2028,0.09500000160187483
2029,0.3450000053271651
2030,0.29500000458210707
2031,0.09500000160187483
2032,0.1450000023469329
2033,0.39500000700354576
2034,0.19500000309199095
2035,0.19500000309199095
2036,0.44500000681728125
2037,0.1450000023469329
2038,0.1450000023469329
2039,0.1450000023469329
2040,0.1450000023469329
2041,-0.004999999888241291
2042,0.9950000150129199
2043,0.04500000085681677
2044,0.04500000085681677
2045,0.09500000160187483
2046,0.04500000085681677
2047,0.29500000458210707
2048,0.19500000309199095
2049,-0.004999999888241291
2050,0.6450000097975135
2051,0.1450000023469329
2052,0.04500000085681677
2053,0.1450000023469329
2054,1.4450000217184424
2055,0.1450000023469329
2056,1.045000015757978
2057,0.1450000023469329
2058,0.04500000085681677
2059,0.09500000160187483
2060,0.1450000023469329
2061,0.04500000085681677
2062,-0.004999999888241291
2063,0.09500000160187483
2064,0.1450000023469329
2065,0.04500000085681677
2066,-0.004999999888241291
2067,0.04500000085681677
2068,0.6950000105425715
2069,0.245000003837049
2070,0.1450000023469329
2071,0.04500000085681677
2072,0.1450000023469329
2073,0.04500000085681677
2074,0.1450000023469329
2075,-0.004999999888241291
2076,0.04500000085681677
2077,0.1450000023469329
2078,0.29500000458210707
2079,0.4950000075623393
2080,0.1450000023469329
2081,0.09500000160187483
2082,0.1450000023469329
2083,0.04500000085681677
2084,0.3450000053271651
2085,0.04500000085681677
2086,0.04500000085681677
2087,0.1450000023469329
2088,0.1450000023469329
2089,0.04500000085681677
2090,0.29500000458210707
2091,0.245000003837049
2092,0.04500000085681677
2093,0.09500000160187483
2094,0.09500000160187483
2095,0.1450000023469329
2096,0.09500000160187483
2097,0.1450000023469329
2098,0.09500000160187483
2099,0.09500000160187483
2100,0.6950000105425715
2101,0.04500000085681677
2102,2.045000030659139
2103,0.04500000085681677
2104,1.1950000179931521
2105,0.1450000023469329
2106,0.09500000160187483
2107,0.04500000085681677
2108,0.04500000085681677
2109,0.04500000085681677
2110,0.1450000023469329
2111,0.1450000023469329
2112,0.245000003837049
2113,0.6950000105425715
2114,0.09500000160187483
2115,0.04500000085681677
2116,0.245000003837049
2117,0.4950000075623393
2118,0.19500000309199095
2119,0.09500000160187483
2120,0.245000003837049
2121,0.04500000085681677
2122,0.19500000309199095
2123,0.04500000085681677
2124,0.04500000085681677
2125,0.04500000085681677
2126,0.1450000023469329
2127,0.19500000309199095
2128,0.1450000023469329
2129,0.1450000023469329
2130,0.3450000053271651
2131,-0.004999999888241291
2132,0.09500000160187483
2133,0.04500000085681677
2134,0.1450000023469329
2135,0.1450000023469329
2136,0.3450000053271651
2137,0.04500000085681677
2138,0.04500000085681677
2139,0.09500000160187483
2140,0.19500000309199095
2141,0.04500000085681677
2142,0.3950000060722232
2143,-0.004999999888241291
2144,-0.004999999888241291
2145,0.04500000085681677
2146,0.04500000085681677
2147,0.04500000085681677
2148,0.5450000083073974
2149,0.1450000023469329
2150,0.04500000085681677
2151,0.04500000085681677
2152,0.1450000023469329
2153,0.04500000085681677
2154,-0.004999999888241291
2155,0.4950000075623393
2156,0.245000003837049
2157,0.1450000023469329
2158,0.04500000085681677
2159,0.6950000105425715
2160,0.1450000023469329
2161,0.1450000023469329
2162,0.19500000309199095
2163,0.1450000023469329
2164,0.04500000085681677
2165,0.1450000023469329
2166,0.3450000053271651
2167,0.245000003837049
2168,0.09500000160187483
2169,1.2950000194832683
2170,0.04500000085681677
2171,0.09500000160187483
2172,0.8950000135228038
2173,0.24500000476837158
2174,-0.004999999888241291
2175,0.14500000327825546
2176,0.245000003837049
2177,0.19500000309199095
2178,0.29500000458210707
2179,0.1450000023469329
2180,0.09500000160187483
2181,0.04000000096857548
2182,0.1450000023469329
2183,0.04500000085681677
2184,0.5950000090524554
2185,0.1450000023469329
2186,0.04500000085681677
2187,0.09500000160187483
2188,0.29500000458210707
2189,0.6950000105425715
2190,0.245000003837049
2191,0.245000003837049
2192,-0.004999999888241291
2193,-0.004999999888241291
2194,-0.004999999888241291
2195,0.19500000309199095
2196,0.04500000085681677
2197,0.09500000160187483
2198,-0.004999999888241291
2199,-0.004999999888241291
2200,-0.004999999888241291
2201,0.04500000085681677
2202,0.09500000160187483
2203,0.09500000160187483
2204,0.29500000458210707
2205,0.1450000023469329
2206,0.19500000309199095
2207,-0.004999999888241291
2208,0.44500000681728125
2209,0.04500000085681677
2210,-0.004999999888241291
2211,1.045000015757978
2212,0.1450000023469329
2213,0.44500000681728125
2214,0.9950000150129199
2215,0.1450000023469329
2216,0.1450000023469329
2217,0.09500000160187483
2218,0.5950000090524554
2219,0.04500000085681677
2220,0.04500000085681677
2221,0.04500000085681677
2222,0.09500000160187483
2223,0.9950000150129199
2224,0.1450000023469329
2225,0.09500000160187483
2226,0.04500000085681677
2227,0.1450000023469329
2228,0.04500000085681677
2229,0.8950000135228038
2230,0.09500000160187483
2231,0.04500000085681677
2232,0.44500000681728125
2233,0.29500000458210707
2234,1.845000027678907
2235,0.04500000085681677
2236,0.1450000023469329
2237,0.09500000160187483
2238,0.3450000053271651
2239,0.1450000023469329
2240,1.4450000217184424
2241,0.29500000458210707
2242,0.5950000090524554
2243,0.8950000135228038
2244,-0.004999999888241291
2245,0.1450000023469329
2246,0.1450000023469329
2247,0.29500000458210707
2248,0.19500000309199095
2249,0.1450000023469329
2250,0.04500000085681677
2251,0.1450000023469329
2252,0.8450000127777457
2253,0.04500000085681677
2254,0.1450000023469329
2255,0.8950000135228038
2256,0.19500000309199095
2257,0.1450000023469329
2258,0.09500000160187483
2259,0.04500000085681677
2260,2.550000037997961
2261,0.19500000309199095
2262,0.09500000160187483
2263,0.09500000160187483
2264,0.3450000053271651
2265,0.04500000085681677
2266,0.1450000023469329
2267,0.09500000160187483
2268,0.1450000023469329
2269,0.4950000075623393
2270,0.19500000309199095
2271,0.6950000105425715
2272,1.6950000254437327
2273,0.1450000023469329
2274,0.19500000309199095
2275,0.245000003837049
2276,0.4950000075623393
2277,0.7950000120326877
2278,0.29500000458210707
2279,-0.004999999888241291
2280,0.29500000458210707
2281,0.09500000160187483
2282,0.3950000060722232
2283,1.6950000254437327
2284,-0.004999999888241291
2285,1.045000015757978
2286,0.245000003837049
2287,1.145000017248094
2288,0.04500000085681677
2289,-0.004999999888241291
2290,0.5450000083073974
2291,1.5450000232085586
2292,0.09500000160187483
2293,1.0450000166893005
2294,-0.004999999888241291
2295,-0.004999999888241291
2296,0.245000003837049
2297,0.5450000083073974
2298,0.44500000681728125
2299,0.1450000023469329
2300,0.09500000160187483
2301,-0.004999999888241291
2302,0.245000003837049
2303,0.245000003837049
2304,0.09500000160187483
2305,0.19500000309199095
2306,0.3450000053271651
2307,-0.004999999888241291
2308,0.09500000160187483
2309,0.19500000309199095
2310,0.29500000458210707
2311,0.09500000160187483
2312,0.7950000120326877
2313,0.5950000090524554
2314,0.19500000309199095
2315,0.9950000150129199
2316,0.29500000458210707
2317,0.1450000023469329
2318,0.9450000142678618
2319,1.1950000179931521
2320,0.6450000097975135
2321,0.6450000097975135
2322,0.4950000084936619
2323,0.7950000120326877
2324,0.245000003837049
2325,0.9450000142678618
2326,0.1450000023469329
2327,0.04500000085681677
2328,1.7950000269338489
2329,0.245000003837049
2330,0.04500000085681677
2331,1.045000015757978
2332,0.5950000090524554
2333,-0.004999999888241291
2334,2.5450000381097198
2335,0.09500000160187483
2336,0.1450000023469329
2337,1.0400000158697367
2338,0.29500000458210707
2339,0.6950000105425715
2340,-0.004999999888241291
2341,0.09500000160187483
2342,0.19500000309199095
2343,0.09500000160187483
2344,0.04500000085681677
2345,-0.004999999888241291
2346,0.6450000107288361
2347,-0.004999999888241291
2348,0.3950000060722232
2349,-0.004999999888241291
2350,0.09500000160187483
2351,-0.004999999888241291
2352,0.04500000085681677
2353,1.145000017248094
2354,0.5450000092387199
2355,0.19500000309199095
2356,0.5950000090524554
2357,0.9450000142678618
2358,1.145000017248094
2359,0.29500000458210707
2360,-0.004999999888241291
2361,0.19500000309199095
2362,0.5950000090524554
2363,0.19500000402331352
2364,0.8450000127777457
2365,1.3950000209733844
2366,0.09500000160187483
2367,0.44500000681728125
2368,1.4950000224635005
2369,0.9450000142678618
2370,0.7450000112876296
2371,0.6950000105425715
2372,0.4950000075623393
2373,0.7450000112876296
2374,0.19500000402331352
2375,0.5450000083073974
2376,0.245000003837049
2377,0.1450000023469329
2378,0.245000003837049
2379,1.1950000179931521
2380,0.1450000023469329
2381,0.09500000160187483
2382,0.5450000083073974
2383,0.04500000085681677
2384,0.3950000060722232
2385,2.600000038743019
2386,0.44500000681728125
2387,1.5950000239536166
2388,0.4950000075623393
2389,0.6450000097975135
2390,0.09500000160187483
2391,0.3450000053271651
2392,0.29500000458210707
2393,0.4950000075623393
2394,0.04500000085681677
2395,0.04500000085681677
2396,0.29500000458210707
2397,0.29500000458210707
2398,0.1450000023469329
2399,0.09500000160187483
2400,0.6450000097975135
2401,1.6950000254437327
2402,0.29500000458210707
2403,0.9950000150129199
2404,2.600000038743019
2405,1.7450000261887908
2406,1.6450000246986747
2407,0.19500000309199095
2408,0.1450000023469329
2409,0.6950000105425715
2410,0.3950000060722232
2411,-0.004999999888241291
2412,0.19500000309199095
2413,0.8950000135228038
2414,0.09500000160187483
2415,0.8950000135228038
2416,1.4450000217184424
2417,0.7450000112876296
2418,1.1950000179931521
2419,0.1450000023469329
2420,0.6450000097975135
2421,0.8450000127777457
2422,0.04500000085681677
2423,0.5450000083073974
2424,1.145000017248094
2425,0.9450000142678618
2426,0.245000003837049
2427,1.4950000224635005
2428,1.5450000232085586
2429,0.44500000681728125
2430,0.09500000160187483
2431,1.1950000179931521
2432,0.09500000160187483
2433,0.8950000135228038
2434,0.44500000681728125
2435,1.5450000232085586
2436,0.5950000090524554
2437,0.4950000075623393
2438,1.7450000261887908
2439,0.4950000075623393
2440,-0.004999999888241291
2441,0.04500000085681677
2442,0.3450000053271651
2443,-0.004999999888241291
2444,-0.004999999888241291
2445,0.19500000309199095
2446,0.8450000127777457
2447,1.6950000254437327
2448,0.7450000112876296
2449,2.600000038743019
2450,0.3450000053271651
2451,0.5950000090524554
2452,-0.004999999888241291
2453,1.895000028423965
2454,0.3950000060722232
2455,0.5950000090524554
2456,0.04500000085681677
2457,0.04500000085681677
2458,0.3950000060722232
2459,-0.004999999888241291
2460,0.04500000085681677
2461,0.6450000097975135
2462,0.04500000085681677
2463,2.550000037997961
2464,0.04500000085681677
2465,0.1450000023469329
2466,-0.004999999888241291
2467,1.6450000246986747
2468,0.4950000075623393
2469,1.095000016503036
2470,0.04500000085681677
2471,1.1950000179931521
2472,0.1450000023469329
2473,1.3450000202283263
2474,0.09500000160187483
2475,0.09500000160187483
2476,1.2950000194832683
2477,1.095000016503036
2478,0.19500000309199095
2479,0.04500000085681677
2480,0.4950000075623393
2481,0.0950000025331974
2482,0.4950000075623393
2483,1.845000027678907
2484,1.1950000179931521
2485,0.4950000075623393
2486,1.045000015757978
2487,2.095000031404197
2488,1.045000015757978
2489,0.19500000309199095
2490,1.3450000202283263
2491,0.7950000120326877
2492,1.2950000194832683
2493,0.44500000681728125
2494,0.3450000053271651
2495,-0.004999999888241291
2496,0.19500000309199095
2497,-0.004999999888241291
2498,0.09500000160187483
2499,0.09500000160187483
2500,1.7450000261887908
2501,0.09500000160187483
2502,0.3450000053271651
2503,1.3450000202283263
2504,0.04500000085681677
2505,0.1450000023469329
2506,0.6450000097975135
2507,-0.004999999888241291
2508,2.600000038743019
2509,1.045000015757978
2510,2.3450000351294875
2511,0.19500000309199095
2512,-0.004999999888241291
2513,0.7950000120326877
2514,2.600000038743019
2515,0.04500000085681677
2516,0.6450000097975135
2517,0.24000000394880772
2518,2.045000030659139
2519,0.5450000083073974
2520,0.245000003837049
2521,0.1450000023469329
2522,0.29500000458210707
2523,0.09500000160187483
2524,0.19500000309199095
2525,0.09500000160187483
2526,0.9950000150129199
2527,0.245000003837049
2528,0.245000003837049
2529,0.6450000097975135
2530,-0.004999999888241291
2531,0.04500000085681677
2532,0.3950000060722232
2533,0.245000003837049
2534,1.6450000246986747
2535,0.6950000105425715
2536,0.8450000127777457
2537,0.245000003837049
2538,0.4950000075623393
2539,0.3950000060722232
2540,0.29500000458210707
2541,0.09500000160187483
2542,0.04500000085681677
2543,1.1950000179931521
2544,0.29500000458210707
2545,1.4450000217184424
2546,0.8450000127777457
2547,0.6950000105425715
2548,-0.004999999888241291
2549,0.5950000090524554
2550,0.7450000112876296
2551,0.6950000105425715
2552,0.29500000458210707
2553,0.6450000097975135
2554,0.04500000085681677
2555,0.19500000309199095
2556,0.245000003837049
2557,0.44500000681728125
2558,0.7450000112876296
2559,0.04500000085681677
2560,1.145000017248094
2561,1.045000015757978
2562,1.7450000261887908
2563,0.19500000309199095
2564,0.04500000085681677
2565,0.04500000085681677
2566,0.04500000085681677
2567,0.04500000085681677
2568,0.04500000085681677
2569,0.04500000085681677
2570,0.09500000160187483
2571,0.04500000085681677
2572,-0.004999999888241291
2573,0.04500000085681677
2574,0.04500000085681677
2575,0.7950000120326877
2576,0.04500000085681677
2577,0.09500000160187483
2578,0.29500000458210707
2579,0.09500000160187483
2580,0.29500000458210707
2581,0.04500000085681677
2582,0.7450000112876296
2583,1.3450000202283263
2584,-0.004999999888241291
2585,2.095000031404197
2586,0.6950000105425715
2587,0.04500000085681677
2588,0.19500000309199095
2589,0.5950000090524554
2590,0.0950000025331974
2591,-0.004999999888241291
2592,-0.004999999888241291
2593,0.5950000090524554
2594,0.9450000142678618
2595,0.3950000060722232
2596,1.145000017248094
2597,-0.004999999888241291
2598,0.09500000160187483
2599,0.3950000060722232
2600,0.9450000142678618
2601,0.7950000120326877
2602,2.600000038743019
2603,0.245000003837049
2604,0.4950000084936619
2605,0.7450000112876296
2606,0.5950000090524554
2607,0.6950000105425715
2608,-0.004999999888241291
2609,0.6950000105425715
2610,0.245000003837049
2611,-0.004999999888241291
2612,2.600000038743019
2613,0.245000003837049
2614,0.04500000085681677
2615,0.04500000085681677
2616,0.04500000085681677
2617,0.09500000160187483
2618,0.4950000075623393
2619,0.04500000085681677
2620,0.44500000681728125
2621,0.19500000309199095
2622,0.09500000160187483
2623,0.19500000309199095
2624,0.5950000090524554
2625,0.7450000112876296
2626,1.095000016503036
2627,2.595000038854778
2628,0.245000003837049
2629,2.600000038743019
2630,0.44500000681728125
2631,0.44500000681728125
2632,0.3450000053271651
2633,0.09500000160187483
2634,0.5950000090524554
2635,0.1450000023469329
2636,2.09500003233552
2637,0.1450000023469329
2638,0.3450000053271651
2639,0.6450000097975135
2640,0.6950000105425715
2641,2.600000038743019
2642,1.7450000261887908
2643,1.2450000187382102
2644,0.5450000083073974
2645,0.04500000085681677
2646,0.29500000458210707
2647,0.44500000681728125
2648,0.4950000075623393
2649,0.29500000458210707
2650,0.29500000458210707
2651,0.29500000458210707
2652,0.19500000309199095
2653,1.995000029914081
2654,0.09500000160187483
2655,1.5950000239536166
2656,0.8450000127777457
2657,2.600000038743019
2658,2.095000031404197
2659,1.095000016503036
2660,-0.004999999888241291
2661,0.245000003837049
2662,0.5450000083073974
2663,0.9450000142678618
2664,0.09500000160187483
2665,0.5950000090524554
2666,0.19500000309199095
2667,0.9450000142678618
2668,0.1450000023469329
2669,1.5950000239536166
2670,0.3450000053271651
2671,-0.004999999888241291
2672,0.3450000053271651
2673,0.19500000309199095
2674,0.04500000085681677
2675,0.04500000085681677
2676,0.6450000097975135
2677,0.6450000097975135
2678,1.3450000202283263
2679,2.600000038743019
2680,0.19500000309199095
2681,1.3450000202283263
2682,0.7950000120326877
2683,1.4450000217184424
2684,1.845000027678907
2685,2.600000038743019
2686,0.4950000075623393
2687,0.09500000160187483
2688,0.5450000083073974
2689,0.3950000060722232
2690,0.1450000023469329
2691,1.7450000261887908
2692,0.245000003837049
2693,0.09500000160187483
2694,0.1450000023469329
2695,0.19500000309199095
2696,1.3950000209733844
2697,0.5450000083073974
2698,0.04500000085681677
2699,0.3450000053271651
2700,0.5450000083073974
2701,0.6950000105425715
2702,1.7450000261887908
2703,0.1450000023469329
2704,1.6950000254437327
2705,0.6450000097975135
2706,0.09500000160187483
2707,0.09500000160187483
2708,0.04500000085681677
2709,0.04000000096857548
2710,0.3450000053271651
2711,0.5450000083073974
2712,2.600000038743019
2713,0.09500000160187483
2714,2.600000038743019
2715,0.8950000135228038
2716,0.5950000090524554
2717,0.245000003837049
2718,0.8450000127777457
2719,0.19500000309199095
2720,0.4950000075623393
2721,0.9450000142678618
2722,-0.004999999888241291
2723,1.6950000254437327
2724,1.845000027678907
2725,1.945000029169023
2726,0.7950000120326877
2727,0.8950000135228038
2728,2.600000038743019
2729,1.845000027678907
2730,0.09500000160187483
2731,0.6950000105425715
2732,1.6950000254437327
2733,0.3450000053271651
2734,0.19500000309199095
2735,-0.004999999888241291
2736,0.09500000160187483
2737,0.3950000060722232
2738,0.09500000160187483
2739,0.245000003837049
2740,0.09500000160187483
2741,1.2950000194832683
2742,0.09500000160187483
2743,1.045000015757978
2744,0.9950000150129199
2745,-0.004999999888241291
2746,1.2450000187382102
2747,-0.004999999888241291
2748,1.1950000179931521
2749,1.4450000217184424
2750,0.09500000160187483
2751,0.29500000458210707
2752,0.7950000120326877
2753,0.04500000085681677
2754,0.09500000160187483
2755,0.04500000085681677
2756,0.245000003837049
2757,0.3950000060722232
2758,0.8950000135228038
2759,-0.004999999888241291
2760,0.7450000112876296
2761,-0.004999999888241291
2762,0.3950000060722232
2763,0.04500000085681677
2764,0.19500000309199095
2765,1.845000027678907
2766,2.600000038743019
2767,0.7450000112876296
2768,0.04500000085681677
2769,0.04500000085681677
2770,0.04500000085681677
2771,0.44500000681728125
2772,2.600000038743019
2773,1.895000028423965
2774,2.600000038743019
2775,0.04500000085681677
2776,0.09500000160187483
2777,0.29500000458210707
2778,0.19500000309199095
2779,0.1450000023469329
2780,2.600000038743019
2781,0.9450000142678618
2782,0.8950000135228038
2783,0.8450000127777457
2784,0.6950000105425715
2785,-0.004999999888241291
2786,1.6450000246986747
2787,0.3450000053271651
2788,0.29500000458210707
2789,0.9450000142678618
2790,0.245000003837049
2791,0.04500000085681677
2792,0.7950000120326877
2793,0.245000003837049
2794,0.3950000060722232
2795,0.5450000083073974
2796,0.09500000160187483
2797,0.09500000160187483
2798,0.29500000458210707
2799,0.19500000309199095
2800,0.4950000075623393
2801,1.095000016503036
2802,0.9950000150129199
2803,1.995000029914081
2804,0.5450000083073974
2805,0.4950000075623393
2806,0.3950000060722232
2807,2.4450000366196036
2808,0.245000003837049
2809,0.29500000458210707
2810,0.1450000023469329
2811,0.19500000309199095
2812,0.4950000075623393
2813,1.3450000202283263
2814,0.09500000160187483
2815,0.4950000075623393
2816,1.145000017248094
2817,0.09500000160187483
2818,-0.004999999888241291
2819,0.19500000309199095
2820,0.9450000142678618
2821,0.09500000160187483
2822,0.3950000060722232
2823,0.7950000120326877
2824,0.29500000458210707
2825,1.6950000254437327
2826,0.19500000309199095
2827,-0.004999999888241291
2828,0.44500000681728125
2829,0.29500000458210707
2830,0.09500000160187483
2831,0.5450000083073974
2832,0.7450000112876296
2833,-0.004999999888241291
2834,-0.004999999888241291
2835,-0.004999999888241291
2836,0.245000003837049
2837,1.3950000209733844
2838,0.29500000458210707
2839,0.7450000112876296
2840,0.245000003837049
2841,0.09500000160187483
2842,1.2450000187382102
2843,-0.004999999888241291
2844,0.5950000090524554
2845,0.3950000060722232
2846,2.1450000321492553
2847,0.8950000135228038
2848,0.3950000060722232
2849,0.5950000090524554
2850,1.845000027678907
2851,1.095000016503036
2852,0.04500000085681677
2853,0.19500000309199095
2854,0.09500000160187483
2855,0.29500000458210707
2856,0.1450000023469329
2857,0.19500000309199095
2858,0.09500000160187483
2859,1.045000015757978
2860,0.04500000085681677
2861,0.44500000681728125
2862,0.3450000053271651
2863,0.0950000025331974
2864,0.3450000053271651
2865,0.19500000309199095
2866,0.1450000023469329
2867,0.04500000085681677
2868,0.3450000053271651
2869,0.1450000023469329
2870,0.4950000075623393
2871,0.5950000090524554
2872,0.19500000309199095
2873,0.9450000142678618
2874,0.5450000092387199
2875,0.04500000085681677
2876,-0.004999999888241291
2877,0.8450000127777457
2878,0.29500000458210707
2879,0.5450000083073974
2880,1.7450000261887908
2881,0.9450000142678618
2882,0.04500000085681677
2883,0.3450000053271651
2884,0.04500000085681677
2885,0.5450000083073974
2886,0.29500000458210707
2887,0.44500000681728125
2888,0.1450000023469329
2889,0.245000003837049
2890,0.6950000105425715
2891,0.39500000700354576
2892,0.245000003837049
2893,-0.004999999888241291
2894,0.3450000053271651
2895,0.245000003837049
2896,0.09500000160187483
2897,-0.004999999888241291
2898,0.19500000309199095
2899,0.04500000085681677
2900,0.3950000060722232
2901,0.1450000023469329
2902,0.04500000085681677
2903,0.7950000120326877
2904,0.1450000023469329
2905,0.09500000160187483
2906,1.2450000187382102
2907,0.5950000090524554
2908,0.6450000097975135
2909,0.1450000023469329
2910,0.04500000085681677
2911,0.7450000112876296
2912,0.5950000090524554
2913,0.09500000160187483
2914,0.09500000160187483
2915,0.5450000083073974
2916,0.19500000309199095
2917,0.09500000160187483
2918,0.19500000309199095
2919,0.3450000053271651
2920,0.1450000023469329
2921,0.04500000085681677
2922,0.04500000085681677
2923,-0.004999999888241291
2924,0.3950000060722232
2925,0.19500000309199095
2926,1.1950000179931521
2927,0.245000003837049
2928,0.3450000053271651
2929,-0.004999999888241291
2930,0.04500000085681677
2931,1.3950000209733844
2932,0.4950000075623393
2933,0.3950000060722232
2934,1.5950000239536166
2935,0.09500000160187483
2936,0.8950000135228038
2937,0.5450000083073974
2938,0.04500000085681677
2939,0.29500000458210707
2940,0.1450000023469329
2941,0.1450000023469329
2942,0.3450000053271651
2943,-0.004999999888241291
2944,0.04500000085681677
2945,0.3950000060722232
2946,0.1450000023469329
2947,0.19500000309199095
2948,0.6950000105425715
2949,1.4450000217184424
2950,0.04500000085681677
2951,0.6950000105425715
2952,0.09500000160187483
2953,2.045000030659139
2954,0.4950000075623393
2955,0.19500000309199095
2956,0.04500000085681677
2957,0.5450000083073974
2958,0.5450000083073974
2959,-0.004999999888241291
2960,0.245000003837049
2961,0.9950000150129199
2962,2.1450000321492553
2963,0.1450000023469329
2964,0.1450000023469329
2965,0.3950000060722232
2966,0.04500000085681677
2967,0.44500000681728125
2968,0.04500000085681677
2969,0.7450000112876296
2970,0.7450000112876296
2971,1.3450000202283263
2972,1.6950000254437327
2973,2.045000030659139
2974,0.04500000085681677
2975,0.04500000085681677
2976,-0.004999999888241291
2977,0.09500000160187483
2978,0.19500000309199095
2979,0.4950000075623393
2980,2.600000038743019
2981,0.1450000023469329
2982,0.6950000105425715
2983,0.09500000160187483
2984,0.6950000105425715
2985,0.4950000075623393
2986,0.4950000075623393
2987,0.1450000023469329
2988,0.1450000023469329
2989,0.29500000458210707
2990,0.09500000160187483
2991,0.3450000053271651
2992,1.5450000232085586
2993,0.04500000085681677
2994,0.8950000135228038
2995,0.4950000075623393
2996,0.19500000309199095
2997,0.09500000160187483
2998,0.245000003837049
2999,-0.004999999888241291
3000,0.7450000112876296
3001,0.29500000458210707
3002,0.19500000309199095
3003,1.6450000246986747
3004,0.19500000309199095
3005,0.04500000085681677
3006,0.8950000135228038
3007,0.04500000085681677
3008,1.7450000261887908
3009,2.4950000373646617
3010,-0.004999999888241291
3011,0.9450000142678618
3012,0.3450000053271651
3013,0.09500000160187483
3014,1.145000017248094
3015,0.5950000090524554
3016,0.44500000681728125
3017,-0.004999999888241291
3018,1.6950000254437327
3019,0.19000000320374966
3020,0.9950000150129199
3021,0.3450000053271651
3022,0.3450000053271651
3023,0.245000003837049
3024,0.19500000309199095
3025,0.3950000060722232
3026,0.19500000309199095
3027,1.145000017248094
3028,0.29500000551342964
3029,0.04500000085681677
3030,0.09500000160187483
3031,0.04500000085681677
3032,1.845000027678907
3033,-0.004999999888241291
3034,0.44500000681728125
3035,0.9450000142678618
3036,0.04500000085681677
3037,0.04500000085681677
3038,0.245000003837049
3039,0.245000003837049
3040,0.04500000085681677
3041,0.29500000458210707
3042,0.09500000160187483
3043,0.1450000023469329
3044,-0.004999999888241291
3045,1.045000015757978
3046,0.09500000160187483
3047,0.4950000075623393
3048,0.4950000075623393
3049,0.4950000075623393
3050,0.1450000023469329
3051,0.09500000160187483
3052,0.19500000309199095
3053,0.19500000309199095
3054,0.04500000085681677
3055,0.29500000458210707
3056,0.09500000160187483
3057,0.4950000075623393
3058,0.245000003837049
3059,0.09500000160187483
3060,0.29500000551342964
3061,0.3450000053271651
3062,-0.004999999888241291
3063,0.8450000127777457
3064,0.5950000090524554
3065,0.3450000053271651
3066,2.600000038743019
3067,2.650000039488077
3068,0.04500000085681677
3069,0.3450000053271651
3070,1.945000029169023
3071,0.8950000135228038
3072,0.3450000053271651
3073,0.8950000135228038
3074,1.095000016503036
3075,0.09500000160187483
3076,0.29500000458210707
3077,1.895000028423965
3078,0.04500000085681677
3079,2.600000038743019
3080,1.845000027678907
3081,0.4950000075623393
3082,0.6950000105425715
3083,-0.004999999888241291
3084,0.04500000085681677
3085,2.600000038743019
3086,0.09500000160187483
3087,2.4450000366196036
3088,1.145000017248094
3089,0.04500000085681677
3090,2.600000038743019
3091,0.44500000681728125
3092,0.29500000458210707
3093,2.600000038743019
3094,0.1450000023469329
3095,2.550000037997961
3096,1.6950000254437327
3097,0.4950000075623393
3098,0.09500000160187483
3099,1.1950000179931521
3100,0.9950000150129199
3101,0.04500000085681677
3102,2.5450000381097198
3103,0.44500000681728125
3104,0.4950000075623393
3105,2.2450000336393714
3106,0.0950000025331974
3107,0.09500000160187483
3108,0.44500000681728125
3109,0.8450000127777457
3110,0.7450000112876296
3111,0.5450000083073974
3112,0.44500000681728125
3113,0.04500000085681677
3114,0.1450000023469329
3115,0.1450000023469329
3116,0.04500000085681677
3117,-0.004999999888241291
3118,0.19500000309199095
3119,0.1450000023469329
3120,0.7950000120326877
3121,0.09500000160187483
3122,0.19500000309199095
3123,0.3450000053271651
3124,0.245000003837049
3125,0.245000003837049
3126,-0.004999999888241291
3127,2.4450000366196036
3128,0.5450000083073974
3129,-0.004999999888241291
3130,0.09500000160187483
3131,-0.004999999888241291
3132,0.9950000150129199
3133,0.1450000023469329
3134,1.045000015757978
3135,0.7950000120326877
3136,0.04500000085681677
3137,0.7950000120326877
3138,0.29500000458210707
3139,0.19500000309199095
3140,0.3950000060722232
3141,0.19500000309199095
3142,0.1450000023469329
3143,0.04500000085681677
3144,-0.004999999888241291
3145,0.1450000023469329
3146,0.09500000160187483
3147,0.09500000160187483
3148,0.9950000150129199
3149,0.245000003837049
3150,0.6950000105425715
3151,0.09500000160187483
3152,0.09500000160187483
3153,0.09500000160187483
3154,0.1450000023469329
3155,0.8450000127777457
3156,0.245000003837049
3157,0.4950000075623393
3158,0.1450000023469329
3159,0.04500000085681677
3160,0.44500000681728125
3161,0.44000000692903996
3162,-0.004999999888241291
3163,0.04500000085681677
3164,0.9450000142678618
3165,0.04500000085681677
3166,0.04500000085681677
3167,0.3450000053271651
3168,0.3950000060722232
3169,0.44500000681728125
3170,1.6450000246986747
3171,0.3950000060722232
3172,0.3450000053271651
3173,1.2450000187382102
3174,0.09500000160187483
3175,0.3450000053271651
3176,0.0950000025331974
3177,0.8450000127777457
3178,0.04500000085681677
3179,0.245000003837049
3180,0.19500000309199095
3181,0.6950000105425715
3182,1.4950000224635005
3183,0.1450000023469329
3184,0.09500000160187483
3185,0.09500000160187483
3186,0.04500000085681677
3187,0.1450000023469329
3188,-0.004999999888241291
3189,0.5950000090524554
3190,0.6450000097975135
3191,0.04500000085681677
3192,0.04500000085681677
3193,1.095000016503036
3194,0.245000003837049
3195,0.04500000085681677
3196,0.1450000023469329
3197,-0.004999999888241291
3198,0.04500000085681677
3199,0.19500000309199095
3200,0.29500000458210707
3201,0.04500000085681677
3202,-0.004999999888241291
3203,0.04500000085681677
3204,-0.004999999888241291
3205,0.245000003837049
3206,0.29500000458210707
3207,0.29500000458210707
3208,0.3450000053271651
3209,-0.004999999888241291
3210,0.3450000062584877
3211,0.5950000090524554
3212,0.19500000309199095
3213,0.1450000023469329
3214,0.3950000060722232
3215,0.09500000160187483
3216,0.09500000160187483
3217,-0.004999999888241291
3218,0.3450000053271651
3219,0.3950000060722232
3220,1.2950000194832683
3221,0.245000003837049
3222,0.245000003837049
3223,0.04500000085681677
3224,0.5950000090524554
3225,0.1450000023469329
3226,0.04500000085681677
3227,0.7450000112876296
3228,0.3950000060722232
3229,0.04500000085681677
3230,0.6450000097975135
3231,0.6950000105425715
3232,0.1450000023469329
3233,-0.004999999888241291
3234,0.1450000023469329
3235,0.1450000023469329
3236,0.09500000160187483
3237,0.3950000060722232
3238,0.1450000023469329
3239,0.04500000085681677
3240,0.4950000075623393
3241,0.29500000458210707
3242,0.19500000309199095
3243,0.3950000060722232
3244,0.5450000083073974
3245,0.245000003837049
3246,2.1950000328943133
3247,0.245000003837049
3248,0.3950000060722232
3249,1.1950000179931521
3250,0.7450000112876296
3251,1.4450000217184424
3252,0.1450000023469329
3253,0.3950000060722232
3254,0.09500000160187483
3255,0.09500000160187483
3256,1.7950000269338489
3257,0.4950000075623393
3258,0.1450000023469329
3259,1.145000017248094
3260,0.29500000458210707
3261,0.3450000053271651
3262,0.09500000160187483
3263,0.6950000105425715
3264,1.7950000269338489
3265,0.44500000681728125
3266,1.045000015757978
3267,0.1450000023469329
3268,0.09500000160187483
3269,0.09500000160187483
3270,0.09500000160187483
3271,0.4950000075623393
3272,0.09500000160187483
3273,-0.004999999888241291
3274,1.945000029169023
3275,0.490000007674098
3276,0.5950000090524554
3277,-0.004999999888241291
3278,0.04500000085681677
3279,1.095000016503036
3280,0.245000003837049
3281,0.4950000075623393
3282,0.09500000160187483
3283,0.04500000085681677
3284,0.04500000085681677
3285,0.3950000060722232
3286,0.09500000160187483
3287,0.3450000053271651
3288,1.6450000246986747
3289,0.29500000458210707
3290,0.4950000075623393
3291,-0.004999999888241291
3292,0.04500000085681677
3293,0.3950000060722232
3294,0.04500000085681677
3295,0.09500000160187483
3296,0.04500000085681677
3297,0.44500000681728125
3298,-0.004999999888241291
3299,0.8450000127777457
3300,0.44500000681728125
3301,0.7950000120326877
3302,0.8450000127777457
3303,0.3950000060722232
3304,0.245000003837049
3305,0.09500000160187483
3306,0.19500000309199095
3307,0.5450000083073974
3308,0.1450000023469329
3309,0.19500000309199095
3310,0.1450000023469329
3311,0.9450000142678618
3312,0.19500000309199095
3313,1.095000016503036
3314,-0.004999999888241291
3315,0.09500000160187483
3316,-0.004999999888241291
3317,0.09500000160187483
3318,0.1450000023469329
3319,0.44500000681728125
3320,0.6450000097975135
3321,0.44500000681728125
3322,0.44500000681728125
3323,0.245000003837049
3324,0.19500000309199095
3325,0.19500000309199095
3326,-0.004999999888241291
3327,0.5450000083073974
3328,0.29500000458210707
3329,1.2450000187382102
3330,0.245000003837049
3331,0.29500000458210707
3332,0.04500000085681677
3333,0.7450000112876296
3334,0.44500000681728125
3335,0.04500000085681677
3336,0.19500000309199095
3337,0.9950000150129199
3338,-0.004999999888241291
3339,0.09500000160187483
3340,0.6450000097975135
3341,0.29500000458210707
3342,0.04500000085681677
3343,0.44500000681728125
3344,0.09500000160187483
3345,0.5950000090524554
3346,0.8950000135228038
3347,0.04500000085681677
3348,-0.004999999888241291
3349,1.2450000187382102
3350,0.245000003837049
3351,-0.004999999888241291
3352,0.245000003837049
3353,0.245000003837049
3354,0.3450000053271651
3355,0.3450000053271651
3356,-0.004999999888241291
3357,0.245000003837049
3358,0.09500000160187483
3359,0.04500000085681677
3360,0.04500000085681677
3361,-0.004999999888241291
3362,0.09500000160187483
3363,0.44500000681728125
3364,0.44500000681728125
3365,0.6450000097975135
3366,1.2950000194832683
3367,0.3950000060722232
3368,0.1450000023469329
3369,0.19500000309199095
3370,-0.004999999888241291
3371,2.095000031404197
3372,0.09500000160187483
3373,0.09500000160187483
3374,0.3450000053271651
3375,0.6450000097975135
3376,0.5450000083073974
3377,0.6450000097975135
3378,0.1450000023469329
3379,0.3450000053271651
3380,0.09500000160187483
3381,0.245000003837049
3382,0.3450000053271651
3383,0.19500000309199095
3384,0.5450000083073974
3385,0.9450000142678618
3386,0.6450000097975135
3387,0.7450000112876296
3388,0.245000003837049
3389,0.09500000160187483
3390,0.9450000142678618
3391,0.09500000160187483
3392,-0.004999999888241291
3393,0.19500000309199095
3394,0.1450000023469329
3395,0.09500000160187483
3396,0.3450000053271651
3397,0.1450000023469329
3398,0.7450000112876296
3399,0.29500000458210707
3400,0.3450000053271651
3401,-0.004999999888241291
3402,0.1450000023469329
3403,0.19500000309199095
3404,0.09500000160187483
3405,0.09500000160187483
3406,0.1450000023469329
3407,-0.004999999888241291
3408,0.1450000023469329
3409,0.04500000085681677
3410,0.3950000060722232
3411,0.5450000083073974
3412,0.04500000085681677
3413,0.29500000458210707
3414,0.4950000075623393
3415,0.3450000053271651
3416,0.1450000023469329
3417,0.5950000090524554
3418,-0.004999999888241291
3419,0.04500000085681677
3420,1.145000017248094
3421,2.1450000321492553
3422,0.09500000160187483
3423,0.245000003837049
3424,0.3450000053271651
3425,-0.004999999888241291
3426,0.04500000085681677
3427,0.5950000090524554
3428,0.04500000085681677
3429,0.1450000023469329
3430,0.09500000160187483
3431,0.09500000160187483
3432,0.5450000083073974
3433,0.5450000083073974
3434,0.19500000309199095
3435,0.29500000458210707
3436,0.09500000160187483
3437,0.44500000681728125
3438,0.1450000023469329
3439,0.5950000090524554
3440,0.29500000458210707
3441,0.245000003837049
3442,0.3450000053271651
3443,0.4950000075623393
3444,0.29500000458210707
3445,0.5450000083073974
3446,0.29500000458210707
3447,0.6450000097975135
3448,0.19500000309199095
3449,0.04500000085681677
3450,0.5950000090524554
3451,0.19500000309199095
3452,0.04500000085681677
3453,0.04500000085681677
3454,0.19500000309199095
3455,0.44500000681728125
3456,0.1450000023469329
3457,0.29500000458210707
3458,0.04500000085681677
3459,0.04500000085681677
3460,0.09500000160187483
3461,0.04500000085681677
3462,0.19500000309199095
3463,0.04500000085681677
3464,0.6450000097975135
3465,0.04500000085681677
3466,-0.004999999888241291
3467,0.1450000023469329
3468,0.3450000053271651
3469,0.19500000309199095
3470,0.19500000309199095
3471,0.3950000060722232
3472,0.3950000060722232
3473,0.3450000053271651
3474,-0.004999999888241291
3475,0.1450000023469329
3476,1.095000016503036
3477,0.1450000023469329
3478,0.29500000458210707
3479,0.1450000023469329
3480,0.6450000097975135
3481,0.29500000458210707
3482,0.1450000023469329
3483,0.0950000025331974
3484,0.5450000083073974
3485,0.3450000053271651
3486,0.245000003837049
3487,0.14500000327825546
3488,0.09500000160187483
3489,0.09500000160187483
3490,-0.004999999888241291
3491,1.095000016503036
3492,0.1450000023469329
3493,0.1450000023469329
3494,0.29500000458210707
3495,0.1450000023469329
3496,0.1450000023469329
3497,0.1450000023469329
3498,0.04500000085681677
3499,0.1450000023469329
3500,0.04500000085681677
3501,0.09500000160187483
3502,0.5950000090524554
3503,1.2450000187382102
3504,0.1450000023469329
3505,-0.004999999888241291
3506,1.4450000217184424
3507,0.1450000023469329
3508,0.09500000160187483
3509,0.7450000112876296
3510,0.3950000060722232
3511,0.3950000060722232
3512,0.3950000060722232
3513,0.19500000309199095
3514,0.09500000160187483
3515,0.3450000053271651
3516,0.245000003837049
3517,0.245000003837049
3518,-0.004999999888241291
3519,0.1450000023469329
3520,0.245000003837049
3521,1.3450000202283263
3522,0.1450000023469329
3523,0.245000003837049
3524,1.095000016503036
3525,0.09500000160187483
3526,0.5450000083073974
3527,0.04500000085681677
3528,0.1450000023469329
3529,-0.004999999888241291
3530,0.3450000053271651
3531,0.3450000053271651
3532,-0.004999999888241291
3533,0.09500000160187483
3534,0.09500000160187483
3535,0.245000003837049
3536,0.245000003837049
3537,0.3450000053271651
3538,0.3950000060722232
3539,0.09500000160187483
3540,0.1450000023469329
3541,0.04500000085681677
3542,0.09500000160187483
3543,0.4950000075623393
3544,0.29500000458210707
3545,0.09500000160187483
3546,0.1450000023469329
3547,1.995000029914081
3548,-0.004999999888241291
3549,0.245000003837049
3550,0.44500000681728125
3551,0.19500000309199095
3552,0.3950000060722232
3553,0.5450000083073974
3554,-0.004999999888241291
3555,0.09500000160187483
3556,0.19500000309199095
3557,0.19500000309199095
3558,0.3450000053271651
3559,0.6450000097975135
3560,0.09500000160187483
3561,1.045000015757978
3562,0.29500000458210707
3563,0.09500000160187483
3564,0.29500000458210707
3565,-0.004999999888241291
3566,0.9950000150129199
3567,0.29500000458210707
3568,0.1450000023469329
3569,0.5950000090524554
3570,0.04500000085681677
3571,0.5450000083073974
3572,0.19500000309199095
3573,0.09500000160187483
3574,0.44500000681728125
3575,0.09500000160187483
3576,-0.004999999888241291
3577,0.29500000458210707
3578,0.19500000309199095
3579,-0.004999999888241291
3580,0.09500000160187483
3581,0.19500000309199095
3582,0.29500000458210707
3583,0.245000003837049
3584,0.44500000681728125
3585,0.3450000053271651
3586,0.1450000023469329
3587,0.3450000053271651
3588,0.09500000160187483
3589,0.5450000083073974
3590,0.29500000458210707
3591,0.4950000075623393
3592,0.245000003837049
3593,0.19500000309199095
3594,0.04500000085681677
3595,0.7450000112876296
3596,0.44500000681728125
3597,1.3950000209733844
3598,0.1450000023469329
3599,0.09500000160187483
3600,0.09500000160187483
3601,0.19500000309199095
3602,0.245000003837049
3603,-0.004999999888241291
3604,0.09500000160187483
3605,0.04500000085681677
3606,0.09500000160187483
3607,0.1450000023469329
3608,1.4450000217184424
3609,-0.004999999888241291
3610,0.3450000053271651
3611,0.1450000023469329
3612,0.3450000053271651
3613,0.3950000060722232
3614,0.245000003837049
3615,0.19500000309199095
3616,0.3450000053271651
3617,0.29500000458210707
3618,0.09500000160187483
3619,0.44500000681728125
3620,0.3950000060722232
3621,0.19500000309199095
3622,0.5450000083073974
3623,0.09500000160187483
3624,0.3950000060722232
3625,0.6950000105425715
3626,0.04500000085681677
3627,0.3950000060722232
3628,0.6450000097975135
3629,0.04500000085681677
3630,0.1450000023469329
3631,0.09500000160187483
3632,0.09500000160187483
3633,0.04500000085681677
3634,0.29500000458210707
3635,0.04500000085681677
3636,0.245000003837049
3637,0.245000003837049
3638,0.3950000060722232
3639,0.245000003837049
3640,0.1450000023469329
3641,0.09500000160187483
3642,0.19500000309199095
3643,0.29500000458210707
3644,0.09500000160187483
3645,0.04500000085681677
3646,0.3950000060722232
3647,0.3450000053271651
3648,0.245000003837049
3649,-0.004999999888241291
3650,0.6450000097975135
3651,0.09500000160187483
3652,0.44500000681728125
3653,0.1450000023469329
3654,0.09500000160187483
3655,0.3950000060722232
3656,0.29500000458210707
3657,0.1450000023469329
3658,0.1450000023469329
3659,-0.004999999888241291
3660,0.5950000090524554
3661,0.1450000023469329
3662,0.5950000090524554
3663,0.3450000053271651
3664,0.1450000023469329
3665,1.145000017248094
3666,0.09500000160187483
3667,0.7450000112876296
3668,0.3950000060722232
3669,0.44500000681728125
3670,0.09500000160187483
3671,0.19500000309199095
3672,0.44500000681728125
3673,0.09500000160187483
3674,0.19500000309199095
3675,0.5950000090524554
3676,0.09500000160187483
3677,0.1450000023469329
3678,0.245000003837049
3679,0.8450000127777457
3680,0.245000003837049
3681,0.29500000458210707
3682,0.245000003837049
3683,0.3450000053271651
3684,0.09500000160187483
3685,1.2450000187382102
3686,0.3450000053271651
3687,0.09500000160187483
3688,-0.004999999888241291
3689,0.1450000023469329
3690,0.8950000135228038
3691,0.29500000458210707
3692,0.3450000053271651
3693,0.09500000160187483
3694,0.245000003837049
3695,0.3950000060722232
3696,0.9450000142678618
3697,0.1450000023469329
3698,0.1450000023469329
3699,0.5450000083073974
3700,0.1450000023469329
3701,0.245000003837049
3702,0.44500000681728125
3703,0.04500000085681677
3704,0.6450000097975135
3705,-0.004999999888241291
3706,0.19500000309199095
3707,0.9950000150129199
3708,0.1450000023469329
3709,0.245000003837049
3710,0.245000003837049
3711,0.1450000023469329
3712,-0.004999999888241291
3713,0.8450000127777457
3714,0.09500000160187483
3715,0.19500000309199095
3716,0.245000003837049
3717,0.6950000105425715
3718,0.6900000106543303
3719,1.6450000246986747
3720,0.1450000023469329
3721,0.19500000309199095
3722,0.3450000053271651
3723,-0.004999999888241291
3724,0.3950000060722232
3725,0.09500000160187483
3726,0.04500000085681677
3727,0.4950000075623393
3728,0.245000003837049
3729,0.04500000085681677
3730,0.04500000085681677
3731,0.3450000053271651
3732,0.04500000085681677
3733,0.09500000160187483
3734,0.1450000023469329
3735,0.1450000023469329
3736,0.6450000097975135
3737,0.09500000160187483
3738,0.3450000053271651
3739,0.3950000060722232
3740,0.04500000085681677
3741,0.1450000023469329
3742,0.8950000135228038
3743,0.5950000090524554
3744,0.04500000085681677
3745,0.3950000060722232
3746,0.19500000309199095
3747,0.7950000120326877
3748,0.5450000083073974
3749,0.7450000112876296
3750,0.245000003837049
3751,0.8450000127777457
3752,0.3450000053271651
3753,0.1450000023469329
3754,0.3450000053271651
3755,0.245000003837049
3756,0.04500000085681677
3757,0.44500000681728125
3758,0.7950000120326877
3759,0.1450000023469329
3760,0.44500000681728125
3761,0.1450000023469329
3762,0.1450000023469329
3763,0.1450000023469329
3764,-0.004999999888241291
3765,0.3950000060722232
3766,0.19500000309199095
3767,0.3450000053271651
3768,0.09500000160187483
3769,0.19500000309199095
3770,0.19500000309199095
3771,0.29500000458210707
3772,0.3450000053271651
3773,0.19500000309199095
3774,0.04500000085681677
3775,0.5950000090524554
3776,0.09500000160187483
3777,1.045000015757978
3778,0.6950000105425715
3779,0.09500000160187483
3780,0.09500000160187483
3781,-0.004999999888241291
3782,0.5450000083073974
3783,0.6950000105425715
3784,0.19500000309199095
3785,0.04500000085681677
3786,-0.004999999888241291
3787,0.1450000023469329
3788,0.09000000171363354
3789,0.19500000309199095
3790,0.9450000142678618
3791,-0.004999999888241291
3792,-0.004999999888241291
3793,0.04500000085681677
3794,0.09500000160187483
3795,0.1450000023469329
3796,0.3450000053271651
3797,0.09500000160187483
3798,0.1400000024586916
3799,0.1450000023469329
3800,0.6950000105425715
3801,0.5950000090524554
3802,0.09500000160187483
3803,0.44500000681728125
3804,0.3950000060722232
3805,0.1450000023469329
3806,0.09500000160187483
3807,0.9450000142678618
3808,0.1450000023469329
3809,0.44500000681728125
3810,0.6450000097975135
3811,0.09500000160187483
3812,0.44500000681728125
3813,0.7450000112876296
3814,0.245000003837049
3815,0.19500000309199095
3816,0.19500000309199095
3817,0.24000000394880772
3818,0.29500000458210707
3819,0.245000003837049
3820,0.04500000085681677
3821,1.095000016503036
3822,0.245000003837049
3823,0.04500000085681677
3824,0.245000003837049
3825,0.44500000681728125
3826,-0.004999999888241291
3827,0.09500000160187483
3828,0.245000003837049
3829,0.3450000053271651
3830,0.09500000160187483
3831,0.4950000075623393
3832,0.04500000085681677
3833,-0.004999999888241291
3834,0.19500000309199095
3835,0.29500000458210707
3836,0.29500000458210707
3837,0.04500000085681677
3838,-0.004999999888241291
3839,0.3900000061839819
3840,-0.004999999888241291
3841,0.04500000085681677
3842,0.1450000023469329
3843,0.6950000105425715
3844,0.3450000053271651
3845,0.4950000075623393
3846,0.1450000023469329
3847,0.245000003837049
3848,0.19500000309199095
3849,0.09500000160187483
3850,-0.004999999888241291
3851,0.19500000309199095
3852,0.5450000083073974
3853,0.09500000160187483
3854,0.3950000060722232
3855,0.09500000160187483
3856,0.5450000083073974
3857,0.09500000160187483
3858,0.3450000053271651
3859,0.09500000160187483
3860,-0.004999999888241291
3861,0.09500000160187483
3862,0.9450000142678618
3863,0.4950000075623393
3864,0.29500000458210707
3865,0.245000003837049
3866,0.29500000458210707
3867,0.1450000023469329
3868,0.1450000023469329
3869,0.7450000112876296
3870,0.29500000458210707
3871,0.7950000120326877
3872,0.29500000458210707
3873,0.04500000085681677
3874,0.29500000458210707
3875,-0.004999999888241291
3876,0.09500000160187483
3877,-0.004999999888241291
3878,0.19500000309199095
3879,0.04500000085681677
3880,0.04500000085681677
3881,0.1450000023469329
3882,0.19500000309199095
3883,0.04500000085681677
3884,0.1450000023469329
3885,0.09500000160187483
3886,-0.004999999888241291
3887,0.19500000309199095
3888,-0.004999999888241291
3889,-0.004999999888241291
3890,0.09500000160187483
3891,0.09500000160187483
3892,0.09500000160187483
3893,0.5450000083073974
3894,0.19500000309199095
3895,0.1450000023469329
3896,0.09500000160187483
3897,0.245000003837049
3898,0.4950000075623393
3899,0.1450000023469329
3900,0.1450000023469329
3901,0.29500000458210707
3902,0.245000003837049
3903,0.44500000681728125
3904,0.44500000681728125
3905,0.3450000053271651
3906,0.19500000309199095
3907,0.44500000681728125
3908,0.04500000085681677
3909,0.6450000097975135
3910,0.29500000458210707
3911,0.04500000085681677
3912,0.09500000160187483
3913,0.19500000309199095
3914,0.04500000085681677
3915,0.29500000458210707
3916,0.09500000160187483
3917,0.245000003837049
3918,0.5950000090524554
3919,0.1450000023469329
3920,0.09500000160187483
3921,0.19500000309199095
3922,0.1450000023469329
3923,0.04500000085681677
3924,0.4950000075623393
3925,-0.004999999888241291
3926,0.04500000085681677
3927,0.04500000085681677
3928,0.19500000309199095
3929,0.09500000160187483
3930,0.19500000309199095
3931,0.09500000160187483
3932,0.09500000160187483
3933,0.1450000023469329
3934,0.245000003837049
3935,0.6450000097975135
3936,0.3950000060722232
3937,0.29500000458210707
3938,0.1450000023469329
3939,0.04500000085681677
3940,0.04500000085681677
3941,0.04500000085681677
3942,-0.004999999888241291
3943,0.3950000060722232
3944,0.19500000309199095
3945,0.9450000142678618
3946,0.09500000160187483
3947,0.04500000085681677
3948,-0.004999999888241291
3949,0.29500000458210707
3950,0.245000003837049
3951,0.04500000085681677
3952,0.09500000160187483
3953,1.3450000202283263
3954,0.3450000053271651
3955,0.09500000160187483
3956,0.04500000085681677
3957,0.29500000458210707
3958,0.19500000309199095
3959,0.44500000681728125
3960,0.04500000085681677
3961,0.29500000458210707
3962,0.09500000160187483
3963,-0.004999999888241291
3964,-0.004999999888241291
3965,0.09500000160187483
3966,0.1450000023469329
3967,0.245000003837049
3968,0.09500000160187483
3969,0.44500000681728125
3970,0.09500000160187483
3971,0.245000003837049
3972,-0.004999999888241291
3973,0.09500000160187483
3974,0.09500000160187483
3975,0.29500000458210707
3976,0.04500000085681677
3977,0.1450000023469329
3978,0.19500000309199095
3979,0.4950000075623393
3980,0.04500000085681677
3981,0.09500000160187483
3982,0.19500000309199095
3983,-0.004999999888241291
3984,-0.004999999888241291
3985,0.19500000309199095
3986,-0.004999999888241291
3987,0.3950000060722232
3988,0.3450000053271651
3989,0.09500000160187483
3990,-0.004999999888241291
3991,0.1450000023469329
3992,0.09500000160187483
3993,-0.004999999888241291
3994,0.29500000458210707
3995,0.19500000402331352
3996,-0.004999999888241291
3997,-0.004999999888241291
3998,0.4950000075623393
3999,-0.004999999888241291
